Idx,X,Y,X_interp,Y_interp,azimuth,elevation,azimuth_interp,elevation_interp,x_light,y_light
1,-4.26295e-17,-0,-0.0038,0.0024,0,-2.44249e-15,147.724,0.257171,-0.00303523,0.0304336
2,0,0,0.0047,0.0022,60,0,25.0836,0.297394,-0.00301417,0.030359
3,-0,0,-0.0038,0.0024,120,0,147.724,0.257171,-0.00264067,0.0303744
4,-0,-0,0.0002,-0.0016,180,0,277.125,0.0927874,-0.00351827,0.0309337
5,-0,-0,-0.0043,0.0029,240,0,146.004,0.297394,-0.00360767,0.0302801
6,0,-0,0.0002,0.0074,300,0,88.4518,0.424285,-0.00339313,0.0299704
7,0.0174524,1.08216e-18,0.0134,0.0026,3.55271e-15,1,10.9806,0.782097,-0.00672827,0.0301016
8,0.0087262,0.0151142,0.0048,0.0205,60,1,76.8218,1.20642,-0.00451632,0.0272872
9,-0.0087262,0.0151142,-0.0083,0.0166,120,1,116.565,1.06349,-0.00160479,0.0275511
10,-0.0174524,-1.52574e-09,-0.0129,0.0035,180,1,164.82,0.765917,-5.39113e-05,0.0305138
11,-0.0087262,-0.0151142,-0.0129,-0.0141,240,1,227.545,1.09504,-0.00153597,0.0335759
12,0.0087262,-0.0151142,0.0134,-0.014,300,1,313.746,1.11047,-0.00530297,0.0333522
13,0.0348995,2.164e-18,0.0347,0.0003,3.55271e-15,2,0.49534,1.98859,-0.0100948,0.0304175
14,0.0174497,0.0302239,0.0129,0.039,60,2,71.6974,2.35426,-0.00612005,0.0238655
15,-0.0174497,0.0302239,-0.0175,0.0263,120,2,123.64,1.81024,0.000321509,0.0251045
16,-0.0348995,-3.05101e-09,-0.0302,0.0045,180,2,171.525,1.74966,0.00317435,0.0301496
17,-0.0174497,-0.0302239,-0.0129,-0.0303,240,2,246.938,1.8872,-0.000281332,0.0365865
18,0.0174497,-0.0302239,0.0174,-0.0263,300,2,303.488,1.8071,-0.00660763,0.0359808
19,0.052336,3.24517e-18,0.0479,0.0041,3.55271e-15,3,4.89231,2.75556,-0.0135894,0.030206
20,0.026168,0.0453243,0.0262,0.0517,60,3,63.1255,3.32272,-0.00809301,0.0208125
21,-0.026168,0.0453243,-0.0301,0.0479,120,3,122.145,3.24311,0.00195705,0.0218225
22,-0.052336,-4.57535e-09,-0.0577,0.0028,180,3,177.222,3.31168,0.00667243,0.0303906
23,-0.026168,-0.0453243,-0.026,-0.0444,240,3,239.647,2.94929,0.00147104,0.0395293
24,0.026168,-0.0453243,0.0265,-0.0452,300,3,300.382,3.00342,-0.00901679,0.0390098
25,0.0697565,4.32536e-18,0.0666,0.0013,3.55271e-15,4,1.11824,3.81947,-0.016698,0.0300781
26,0.0348782,0.0604109,0.036,0.0675,60,4,61.9275,4.3874,-0.00943038,0.0178039
27,-0.0348782,0.0604109,-0.0396,0.0639,120,4,121.787,4.3113,0.00373306,0.0181243
28,-0.0697565,-6.0983e-09,-0.0762,0.0022,180,4,178.346,4.37202,0.0105115,0.031101
29,-0.0348782,-0.0604109,-0.0302,-0.0571,240,4,242.126,3.70359,0.0031477,0.0423729
30,0.0348782,-0.0604109,0.0351,-0.053,300,4,303.515,3.6447,-0.0104868,0.0418131
31,0.0871557,5.40423e-18,0.0864,-0.0004,3.55271e-15,5,359.735,4.95658,-0.0202603,0.0300374
32,0.0435779,0.0754791,0.0441,0.0768,60,5,60.1348,5.08084,-0.0118658,0.0155705
33,-0.0435779,0.0754791,-0.0438,0.0689,120,5,122.444,4.68304,0.00542082,0.0158589
34,-0.0871557,-7.6194e-09,-0.0899,-0.0013,180,5,180.828,5.15841,0.0131428,0.0309997
35,-0.0435779,-0.0754791,-0.0439,-0.0713,240,5,238.379,4.80306,0.00529887,0.0452297
36,0.0435779,-0.0754791,0.0442,-0.073,300,5,301.194,4.89549,-0.012213,0.0450877
37,0.104528,6.48145e-18,0.1017,0.0013,3.55271e-15,6,0.732355,5.83754,-0.0235965,0.0302842
38,0.0522642,0.0905243,0.0493,0.0886,60,6,60.907,5.81935,-0.0135348,0.0126397
39,-0.0522642,0.0905243,-0.0532,0.0945,120,6,119.378,6.22573,0.00706272,0.0124684
40,-0.104528,-9.13817e-09,-0.1084,-0.0024,180,6,181.268,6.22463,0.0166796,0.0311469
41,-0.0522642,-0.0905243,-0.0581,-0.0849,240,6,235.615,5.90485,0.00711758,0.0483589
42,0.0522642,-0.0905243,0.0488,-0.0863,300,6,299.487,5.68975,-0.0134261,0.0483447
43,0.121869,7.5567e-18,0.1194,0.0007,3.55271e-15,7,0.335901,6.85758,-0.0273947,0.0310328
44,0.0609347,0.105542,0.0627,0.1096,60,7,60.227,7.25396,-0.0154156,0.00889046
45,-0.0609347,0.105542,-0.0627,0.103,120,7,121.33,6.92575,0.00858919,0.0100616
46,-0.121869,-1.06542e-08,-0.1227,0.0014,180,7,179.346,7.0484,0.0202213,0.0308225
47,-0.0609347,-0.105542,-0.0629,-0.0996,240,7,237.727,6.76509,0.00842532,0.0516544
48,0.0609347,-0.105542,0.0575,0.0259,300,7,24.2485,3.61568,-0.0152913,0.0512373
49,0.139173,8.62964e-18,0.1327,0.0055,3.55271e-15,8,2.37337,7.63224,-0.0303465,0.0302111
50,0.0695865,0.120527,0.0679,0.1223,60,8,60.9613,8.04118,-0.016697,0.00611265
51,-0.0695866,0.120527,-0.0674,0.1156,120,8,120.244,7.69003,0.00986919,0.00745336
52,-0.139173,-1.21669e-08,-0.1375,-0.0041,180,8,181.708,7.90674,0.0235267,0.031053
53,-0.0695865,-0.120527,-0.072,-0.1187,240,8,238.76,7.98013,0.00987054,0.0541301
54,0.0695865,-0.120527,0.0716,-0.1202,300,8,300.781,8.04259,-0.0173366,0.0545589
55,0.156434,9.69996e-18,0.1526,-0.0047,3.55271e-15,9,358.236,8.78183,-0.0341454,0.0309301
56,0.0782172,0.135476,0.0776,0.1304,60,9,59.2435,8.72794,-0.0185139,0.00359841
57,-0.0782172,0.135476,-0.0764,0.1337,120,9,119.745,8.85818,0.0114085,0.00435846
58,-0.156434,-1.36759e-08,-0.1559,-0.0036,180,9,181.323,8.97141,0.0266184,0.0309385
59,-0.0782172,-0.135476,-0.0805,-0.1342,240,9,239.043,9.00338,0.0118739,0.0573768
60,0.0782172,-0.135476,0.0802,-0.136,300,9,300.528,9.08422,-0.0188078,0.057758
61,0.173648,1.07673e-17,0.1714,0.0026,3.55271e-15,10,0.869064,9.87038,-0.0372977,0.0303937
62,0.0868241,0.150384,0.0895,0.1513,60,10,59.394,10.1246,-0.0202335,0.000406295
63,-0.0868241,0.150384,-0.0911,0.1468,120,10,121.823,9.9489,0.0134716,0.0012272
64,-0.173648,-1.51808e-08,-0.1751,-0.0052,180,10,181.701,10.089,0.0297739,0.0312958
65,-0.0868241,-0.150384,-0.0854,-0.1507,240,10,240.46,9.97484,0.0136173,0.0606563
66,0.0868241,-0.150384,0.0858,-0.1443,300,10,300.735,9.66465,-0.0205948,0.0601821
67,0.190809,1.18314e-17,0.1913,0.0025,3.55271e-15,11,0.748726,11.0296,-0.0406823,0.0304978
68,0.0954045,0.165245,0.1015,0.1602,60,11,57.6423,10.9322,-0.0221658,-0.00223333
69,-0.0954045,0.165245,-0.1017,0.164,120,11,121.804,11.1264,0.0153799,-0.00179292
70,-0.190809,-1.66811e-08,-0.196,0.0017,180,11,179.503,11.3036,0.0337631,0.0313193
71,-0.0954045,-0.165245,-0.0958,-0.173,240,11,241.024,11.4057,0.0149912,0.0641195
72,0.0954045,-0.165245,0.0963,-0.1659,300,11,300.134,11.0593,-0.0227168,0.0637219
73,0.207912,1.28919e-17,0.2107,0.0023,3.55271e-15,12,0.625416,12.1641,-0.0441479,0.0306478
74,0.103956,0.180057,0.102,0.1795,60,12,60.3928,11.9148,-0.0235157,-0.00577012
75,-0.103956,0.180057,-0.1024,0.1829,120,12,119.243,12.0997,0.0164842,-0.00482019
76,-0.207912,-1.81762e-08,-0.2076,-0.0009,180,12,180.248,11.9819,0.0364591,0.0313601
77,-0.103956,-0.180057,-0.1087,-0.1825,240,12,239.221,12.2642,0.0169586,0.0674309
78,0.103956,-0.180057,0.1043,-0.1801,300,12,300.076,12.0123,-0.0236229,0.0666241
79,0.224951,1.39484e-17,0.2254,0.0045,3.55271e-15,13,1.14373,13.029,-0.04693,0.0304997
80,0.112476,0.194813,0.1129,0.1921,60,13,59.5566,12.8747,-0.0256283,-0.00796218
81,-0.112476,0.194813,-0.1104,0.1916,120,13,119.951,12.7754,0.0182765,-0.00714444
82,-0.224951,-1.96658e-08,-0.2294,-0.0039,180,13,180.974,13.2637,0.039959,0.0318702
83,-0.112475,-0.194813,-0.1126,-0.1931,240,13,239.753,12.9165,0.0187679,0.0696441
84,0.112476,-0.194813,0.1122,-0.1962,300,13,299.764,13.0626,-0.0257005,0.0701965
85,0.241922,1.50007e-17,0.2408,-0.0006,3.55271e-15,14,359.857,13.9338,-0.0504537,0.0311393
86,0.120961,0.209511,0.1227,0.2114,60,14,59.8684,14.1481,-0.0272803,-0.0111018
87,-0.120961,0.209511,-0.1211,0.2099,120,14,119.982,14.024,0.0204692,-0.0104024
88,-0.241922,-2.11495e-08,-0.2405,-0.0051,180,14,181.215,13.9193,0.0431451,0.0313732
89,-0.120961,-0.209511,-0.122,-0.2133,240,14,240.232,14.2247,0.020155,0.0733162
90,0.120961,-0.209511,0.1223,-0.207,300,14,300.576,13.9119,-0.0273868,0.0723863
91,0.258819,1.60485e-17,0.2579,0.0021,3.55271e-15,15,0.466531,14.946,-0.0539011,0.0311867
92,0.12941,0.224144,0.1282,0.226,60,15,60.4356,15.0599,-0.028765,-0.0136062
93,-0.12941,0.224144,-0.1363,0.224,120,15,121.32,15.2012,0.0216767,-0.0129664
94,-0.258819,-2.26267e-08,-0.2613,-0.0066,180,15,181.447,15.1522,0.0463707,0.0315117
95,-0.12941,-0.224144,-0.1227,-0.2254,240,15,241.438,14.8704,0.022216,0.0764061
96,0.12941,-0.224144,0.1276,-0.2313,300,15,298.884,15.3172,-0.0289176,0.0759263
97,0.275637,1.70913e-17,0.2675,0.0018,3.55271e-15,16,0.385536,15.5159,-0.0571956,0.0306501
98,0.137819,0.238709,0.1378,0.2358,60,16,59.6983,15.8496,-0.0309967,-0.0167212
99,-0.137819,0.238709,-0.1421,0.2387,120,16,120.766,16.1286,0.0235443,-0.0164996
100,-0.275637,-2.4097e-08,-0.278,-0.0032,180,16,180.659,16.142,0.0503544,0.0315501
101,-0.137819,-0.238709,-0.1334,-0.2389,240,16,240.821,15.8799,0.0238411,0.0793134
102,0.137819,-0.238709,0.1375,-0.2409,300,16,299.717,16.1038,-0.0310887,0.0791322
103,0.292372,1.8129e-17,0.2892,0.0008,3.55271e-15,17,0.158494,16.8101,-0.0603449,0.0308347
104,0.146186,0.253201,0.147,0.2553,60,17,60.067,17.1333,-0.0327778,-0.0194096
105,-0.146186,0.253201,-0.1474,0.2529,120,17,120.235,17.0209,0.0249178,-0.0194536
106,-0.292372,-2.55599e-08,-0.2922,0.0011,180,17,179.784,16.9898,0.0529799,0.0316046
107,-0.146186,-0.253201,-0.1428,-0.2572,240,17,240.961,17.1086,0.0251837,0.0824686
108,0.146186,-0.253201,0.1483,-0.2528,300,17,300.397,17.0429,-0.0326544,0.0819424
109,0.309017,1.91611e-17,0.3089,0.0007,3.55271e-15,18,0.129838,17.993,-0.0641669,0.0307893
110,0.154508,0.267617,0.1565,0.2649,60,18,59.4259,17.9192,-0.0344303,-0.0222413
111,-0.154509,0.267617,-0.1531,0.2675,120,18,119.784,17.9516,0.0261907,-0.0220705
112,-0.309017,-2.70151e-08,-0.3069,-0.0036,180,18,180.672,17.8738,0.0566593,0.0317852
113,-0.154508,-0.267617,-0.1577,-0.2641,240,18,239.158,17.9147,0.0270995,0.0849886
114,0.154508,-0.267617,0.1581,-0.2637,300,18,300.945,17.9064,-0.0340893,0.0849645
115,0.325568,2.01874e-17,0.3225,-0.0009,3.55271e-15,19,359.84,18.8143,-0.0673957,0.0313411
116,0.162784,0.28195,0.1583,0.2858,60,19,61.0186,19.0693,-0.0361484,-0.025301
117,-0.162784,0.28195,-0.1682,0.283,120,19,120.725,19.2209,0.0286982,-0.0251091
118,-0.325568,-2.84621e-08,-0.3241,-0.0004,180,19,180.071,18.9111,0.0601899,0.0317258
119,-0.162784,-0.28195,-0.1637,-0.2826,240,19,239.918,19.0619,0.0284304,0.0889418
120,0.162784,-0.28195,0.1596,-0.2844,300,19,299.3,19.0336,-0.0359806,0.0888395
121,0.34202,2.12075e-17,0.3441,0.0068,3.55271e-15,20,1.13211,20.131,-0.0705684,0.0307704
122,0.17101,0.296198,0.1735,0.3005,60,20,59.9991,20.3034,-0.0383304,-0.0284245
123,-0.17101,0.296198,-0.1738,0.2979,120,20,120.26,20.1752,0.0302458,-0.0281223
124,-0.34202,-2.99004e-08,-0.3409,0.0031,180,20,179.479,19.9326,0.063413,0.0318321
125,-0.17101,-0.296198,-0.1738,-0.2938,240,20,239.393,19.9596,0.0312606,0.0914258
126,0.17101,-0.296198,0.1714,-0.2893,300,20,300.645,19.6493,-0.0382862,0.0911871
127,0.358368,2.22212e-17,0.3594,-0.0041,3.55271e-15,21,359.346,21.0648,-0.0738965,0.0311651
128,0.179184,0.310356,0.1755,0.3116,60,21,60.6108,20.9543,-0.0396672,-0.0311372
129,-0.179184,0.310356,-0.1802,0.3045,120,21,120.617,20.7215,0.0318694,-0.0306138
130,-0.358368,-3.13295e-08,-0.359,-0.0029,180,21,180.463,21.0395,0.0669544,0.0321807
131,-0.179184,-0.310356,-0.1754,-0.3088,240,21,240.403,20.8019,0.0323217,0.0952623
132,0.179184,-0.310356,0.1773,-0.3062,300,21,300.072,20.7216,-0.0391194,0.0948684
133,0.374607,2.32281e-17,0.3719,0.0039,3.55271e-15,22,0.600821,21.8341,-0.0771234,0.031445
134,0.187303,0.324419,0.186,0.3215,60,22,59.949,21.8037,-0.0412878,-0.0340865
135,-0.187303,0.324419,-0.1899,0.3239,120,22,120.383,22.053,0.0338367,-0.0338669
136,-0.374607,-3.27491e-08,-0.3714,-0.0043,180,22,180.663,21.8035,0.0700872,0.0325297
137,-0.187303,-0.324419,-0.1869,-0.3232,240,22,239.96,21.9223,0.0336712,0.0981697
138,0.187303,-0.324419,0.194,-0.3249,300,22,300.842,22.2354,-0.0411901,0.0981019
139,0.390731,2.42279e-17,0.3955,0.0026,3.55271e-15,23,0.376655,23.2977,-0.0809415,0.0318022
140,0.195366,0.338383,0.1984,0.3429,60,23,59.9466,23.3384,-0.0435354,-0.0377632
141,-0.195366,0.338383,-0.1917,0.3358,120,23,119.721,22.7472,0.035088,-0.0363132
142,-0.390731,-3.41588e-08,-0.39,-0.0011,180,23,180.162,22.9546,0.0734677,0.0323602
143,-0.195366,-0.338383,-0.1988,-0.339,240,23,239.611,23.1408,0.0359173,0.101177
144,0.195366,-0.338383,0.1964,-0.3396,300,23,300.042,23.0978,-0.0425779,0.101214
145,0.406737,2.52203e-17,0.4058,-0.0043,3.55271e-15,24,359.393,23.9427,-0.0836972,0.0313035
146,0.203368,0.352244,0.2063,0.3504,60,24,59.5123,23.9927,-0.045363,-0.0402194
147,-0.203368,0.352244,-0.2033,0.3474,120,24,120.336,23.7354,0.0365948,-0.0398595
148,-0.406737,-3.5558e-08,-0.4048,-0.0024,180,24,180.34,23.879,0.0766999,0.0324302
149,-0.203368,-0.352244,-0.2057,-0.3487,240,24,239.463,23.8818,0.0378005,0.104901
150,0.203368,-0.352244,0.2066,-0.3502,300,24,300.538,23.9914,-0.0449824,0.104661
151,0.422618,2.62051e-17,0.4182,0.0012,3.55271e-15,25,0.164406,24.7211,-0.0867372,0.03125
152,0.211309,0.365998,0.2111,0.3652,60,25,59.9704,24.9497,-0.0467357,-0.0430378
153,-0.211309,0.365998,-0.215,0.3689,120,25,120.234,25.2761,0.0392018,-0.0426065
154,-0.422618,-3.69465e-08,-0.4241,0.0005,180,25,179.932,25.0937,0.0806587,0.0325393
155,-0.211309,-0.365998,-0.2153,-0.3674,240,25,239.629,25.2036,0.0390579,0.10809
156,0.211309,-0.365998,0.2121,-0.3656,300,25,300.12,25.0033,-0.046631,0.107699
157,0.438371,2.71819e-17,0.4376,0.0013,3.55271e-15,26,0.170211,25.951,-0.0909399,0.0313097
158,0.219186,0.379641,0.2173,0.3813,60,26,60.3215,26.032,-0.0484888,-0.0463233
159,-0.219186,0.379641,-0.2192,0.3831,120,26,119.777,26.1918,0.0400907,-0.045539
160,-0.438371,-3.83236e-08,-0.4382,-0.0002,180,26,180.026,25.9891,0.0841499,0.0326257
161,-0.219186,-0.379641,-0.2189,-0.3782,240,26,239.938,25.9114,0.0406075,0.111167
162,0.219186,-0.379641,0.2195,-0.3791,300,26,300.071,25.9802,-0.0481774,0.111142
163,0.45399,2.81504e-17,0.4543,-0.0039,3.55271e-15,27,359.508,27.021,-0.0941892,0.0316446
164,0.226995,0.393167,0.2211,0.3951,60,27,60.7684,26.9207,-0.0497139,-0.0494012
165,-0.226995,0.393167,-0.2292,0.3927,120,27,120.27,27.0452,0.0423558,-0.0483525
166,-0.45399,-3.96891e-08,-0.4588,-0.0001,180,27,180.012,27.3097,0.0880351,0.0327256
167,-0.226995,-0.393167,-0.2314,-0.3967,240,27,239.744,27.3392,0.0426314,0.115406
168,0.226995,-0.393167,0.2329,-0.3935,300,27,300.62,27.2103,-0.0503554,0.11491
169,0.469472,2.91103e-17,0.4728,0.0089,3.55271e-15,28,1.07841,28.2216,-0.0976712,0.0313807
170,0.234736,0.406574,0.2286,0.4119,60,28,60.9702,28.1046,-0.0519077,-0.0526091
171,-0.234736,0.406574,-0.2367,0.4092,120,28,120.047,28.2115,0.0436714,-0.0512997
172,-0.469472,-4.10425e-08,-0.4685,0.0032,180,28,179.609,27.9377,0.0908784,0.0325704
173,-0.234736,-0.406574,-0.2316,-0.4077,240,28,240.401,27.9623,0.0447396,0.118108
174,0.234736,-0.406574,0.2382,-0.4089,300,28,300.222,28.2436,-0.0517923,0.117887
175,0.48481,3.00614e-17,0.4904,0.0037,3.55271e-15,29,0.432281,29.3678,-0.100946,0.0310003
176,0.242405,0.419857,0.2444,0.4171,60,29,59.6318,28.9096,-0.0536217,-0.0549765
177,-0.242405,0.419857,-0.2473,0.4195,120,29,120.52,29.1415,0.0458945,-0.0546937
178,-0.48481,-4.23834e-08,-0.4812,0.0025,180,29,179.702,28.7642,0.0945061,0.0326476
179,-0.242405,-0.419857,-0.2429,-0.4209,240,29,240.011,29.0754,0.046861,0.121078
180,0.242405,-0.419857,0.236,-0.4196,300,29,299.355,28.7778,-0.0536962,0.121402
181,0.5,3.10033e-17,0.4963,0.0015,3.55271e-15,30,0.173168,29.7557,-0.104131,0.0317231
182,0.25,0.433013,0.2523,0.4337,60,30,59.8118,30.1157,-0.0556172,-0.05793
183,-0.25,0.433013,-0.2543,0.4363,120,30,120.236,30.3314,0.0476684,-0.0577137
184,-0.5,-4.37114e-08,-0.4957,0.0008,180,30,179.908,29.716,0.0980546,0.0332506
185,-0.25,-0.433013,-0.2453,-0.4359,240,30,240.632,30.012,0.0481654,0.124653
186,0.25,-0.433013,0.2478,-0.4325,300,30,299.81,29.8981,-0.0551608,0.124564
187,0.515038,3.19357e-17,0.5142,0.0051,3.55271e-15,31,0.568259,30.9457,-0.107489,0.0317181
188,0.257519,0.446036,0.2593,0.4499,60,31,60.043,31.2836,-0.0573636,-0.0612891
189,-0.257519,0.446036,-0.2567,0.4492,120,31,119.746,31.1562,0.0489299,-0.060514
190,-0.515038,-4.50261e-08,-0.5111,-0.0006,180,31,180.067,30.7372,0.101433,0.0327485
191,-0.257519,-0.446036,-0.258,-0.4424,240,31,239.75,30.8061,0.050202,0.127764
192,0.257519,-0.446036,0.261,-0.4479,300,31,300.23,31.2248,-0.057146,0.128108
193,0.529919,3.28585e-17,0.5295,0.0031,3.55271e-15,32,0.335439,31.9723,-0.110944,0.0317121
194,0.26496,0.458924,0.2627,0.4624,60,32,60.3981,32.128,-0.0592709,-0.0643412
195,-0.26496,0.458924,-0.2635,0.4664,120,32,119.465,32.3906,0.0503943,-0.06365
196,-0.529919,-4.6327e-08,-0.5263,-0.0016,180,32,180.174,31.756,0.104783,0.0331293
197,-0.26496,-0.458924,-0.2654,-0.4538,240,32,239.679,31.7161,0.0515687,0.131059
198,0.26496,-0.458924,0.2596,-0.4582,300,32,299.534,31.7781,-0.0582875,0.131512
199,0.544639,3.37712e-17,0.5452,0.0017,3.55271e-15,33,0.178655,33.0385,-0.115181,0.0324181
200,0.272319,0.471671,0.2758,0.4756,60,33,59.8906,33.3521,-0.0615821,-0.0673585
201,-0.27232,0.471671,-0.2715,0.4756,120,33,119.72,33.2051,0.0526971,-0.0666579
202,-0.544639,-4.76139e-08,-0.5432,0.0064,180,33,179.325,32.9043,0.108374,0.0332775
203,-0.272319,-0.471671,-0.272,-0.4735,240,33,240.125,33.0974,0.0532213,0.134765
204,0.272319,-0.471671,0.2784,-0.4681,300,33,300.742,32.9995,-0.0602343,0.134497
205,0.559193,3.46736e-17,0.5576,0.0042,3.55271e-15,34,0.43156,33.8911,-0.118026,0.0323653
206,0.279596,0.484275,0.279,0.4894,60,34,60.3131,34.2872,-0.0626645,-0.0701478
207,-0.279596,0.484275,-0.2796,0.4855,120,34,119.938,34.0735,0.0540932,-0.069096
208,-0.559193,-4.88862e-08,-0.5591,0.0051,180,34,179.477,33.9952,0.111894,0.0340604
209,-0.279596,-0.484275,-0.2795,-0.4853,240,34,240.061,34.058,0.0547701,0.137899
210,0.279596,-0.484275,0.2772,-0.4807,300,34,299.97,33.7037,-0.0611373,0.137919
211,0.573576,3.55655e-17,0.5754,0.0024,3.55271e-15,35,0.23898,35.128,-0.121316,0.0328854
212,0.286788,0.496732,0.2876,0.4976,60,35,59.9732,35.081,-0.0646565,-0.0731273
213,-0.286788,0.496732,-0.286,0.504,120,35,119.573,35.4149,0.0562273,-0.072326
214,-0.573576,-5.01436e-08,-0.5759,0.0039,180,35,179.612,35.1636,0.115171,0.0331527
215,-0.286788,-0.496732,-0.287,-0.4966,240,35,239.975,34.9994,0.0570729,0.141154
216,0.286788,-0.496732,0.291,-0.4953,300,35,300.435,35.0618,-0.0634729,0.142041
217,0.587785,3.64465e-17,0.5886,0.0049,3.55271e-15,36,0.476967,36.0592,-0.124667,0.0320202
218,0.293893,0.509037,0.2969,0.5071,60,36,59.6516,35.9885,-0.0667646,-0.0759582
219,-0.293893,0.509037,-0.2896,0.5088,120,36,119.648,35.8344,0.057655,-0.075699
220,-0.587785,-5.13858e-08,-0.585,0.0018,180,36,179.824,35.8032,0.118451,0.0339269
221,-0.293893,-0.509037,-0.2949,-0.509,240,36,239.913,36.0335,0.0586254,0.144708
222,0.293893,-0.509037,0.2905,-0.5094,300,36,299.695,35.9028,-0.0653572,0.144881
223,0.601815,3.73165e-17,0.5979,0.0029,3.55271e-15,37,0.2779,36.7201,-0.128431,0.032229
224,0.300907,0.521187,0.3007,0.5225,60,37,60.0795,37.0742,-0.0685012,-0.0784512
225,-0.300908,0.521187,-0.3033,0.5251,120,37,120.011,37.3296,0.059765,-0.0782216
226,-0.601815,-5.26123e-08,-0.5997,0.005,180,37,179.522,36.8499,0.121843,0.0339644
227,-0.300907,-0.521187,-0.3,-0.5212,240,37,240.076,36.9683,0.0603429,0.147725
228,0.300907,-0.521187,0.3065,-0.5195,300,37,300.54,37.0978,-0.0664363,0.148443
229,0.615662,3.8175e-17,0.6175,0.001,3.55271e-15,38,0.0927866,38.1339,-0.13139,0.0325301
230,0.307831,0.533179,0.3065,0.53,60,38,59.9591,37.7519,-0.0698939,-0.0819072
231,-0.307831,0.533178,-0.3084,0.532,120,38,120.101,37.9466,0.0611222,-0.0806255
232,-0.615662,-5.38228e-08,-0.6117,0.0022,180,38,179.794,37.7128,0.125168,0.0343328
233,-0.307831,-0.533179,-0.3042,-0.5328,240,38,240.276,37.8449,0.0621507,0.151454
234,0.307831,-0.533179,0.3058,-0.5348,300,38,299.761,38.0287,-0.0691147,0.151853
235,0.62932,3.9022e-17,0.627,-0.0009,3.55271e-15,39,359.918,38.8292,-0.135545,0.0332524
236,0.31466,0.545007,0.3131,0.5491,60,39,60.308,39.2048,-0.0720322,-0.0846909
237,-0.31466,0.545007,-0.3147,0.5508,120,39,119.742,39.3728,0.062491,-0.0836462
238,-0.62932,-5.50169e-08,-0.6284,-0.0024,180,39,180.219,38.9325,0.128351,0.0348573
239,-0.31466,-0.545007,-0.3093,-0.547,240,39,240.514,38.9315,0.0641987,0.155109
240,0.31466,-0.545007,0.3222,-0.5397,300,39,300.837,38.944,-0.0705819,0.154766
241,0.642788,3.9857e-17,0.6414,0.0047,3.55271e-15,40,0.41984,39.8976,-0.138133,0.0325114
242,0.321394,0.55667,0.3238,0.5601,60,40,59.9673,40.3129,-0.0735283,-0.0873579
243,-0.321394,0.55667,-0.3207,0.5581,120,40,119.883,40.0668,0.0652348,-0.0863123
244,-0.642788,-5.61943e-08,-0.6443,-0.0026,180,40,180.231,40.1136,0.130982,0.0352019
245,-0.321394,-0.55667,-0.3216,-0.5588,240,40,240.079,40.1459,0.0656178,0.158377
246,0.321394,-0.55667,0.3249,-0.5539,300,40,300.395,39.9528,-0.0720093,0.158254
247,0.656059,4.068e-17,0.6532,-0.0014,3.55271e-15,41,359.877,40.7834,-0.141992,0.0330031
248,0.328029,0.568164,0.3328,0.5704,60,41,59.7386,41.3295,-0.0752467,-0.0906556
249,-0.32803,0.568164,-0.3231,0.5739,120,41,119.379,41.1932,0.0662145,-0.0891768
250,-0.656059,-5.73545e-08,-0.6578,0.0013,180,41,179.887,41.1324,0.134262,0.0350595
251,-0.328029,-0.568164,-0.3211,-0.565,240,41,240.39,40.5317,0.0672724,0.161081
252,0.328029,-0.568164,0.3334,-0.5645,300,41,300.567,40.9654,-0.0733537,0.161729
253,0.669131,4.14905e-17,0.668,0.0021,3.55271e-15,42,0.180121,41.9131,-0.145089,0.0333964
254,0.334565,0.579484,0.3377,0.577,60,42,59.6609,41.9559,-0.0770524,-0.092926
255,-0.334565,0.579484,-0.3278,0.5803,120,42,119.461,41.7963,0.0680063,-0.0912874
256,-0.669131,-5.84973e-08,-0.6734,0.0054,180,42,179.541,42.3317,0.137941,0.0357668
257,-0.334565,-0.579484,-0.339,-0.5818,240,42,239.772,42.3268,0.0695633,0.165315
258,0.334565,-0.579484,0.3372,-0.5722,300,42,300.511,41.6184,-0.075294,0.165283
259,0.681998,4.22884e-17,0.6802,-0.0039,3.55271e-15,43,359.671,42.8601,-0.148882,0.0339522
260,0.340999,0.590628,0.3458,0.586,60,43,59.455,42.8766,-0.0787309,-0.0950656
261,-0.340999,0.590628,-0.3299,0.5957,120,43,118.978,42.9179,0.0696201,-0.0946538
262,-0.681998,-5.96222e-08,-0.6792,0.0042,180,43,179.646,42.7822,0.141132,0.0353734
263,-0.340999,-0.590628,-0.3388,-0.5882,240,43,240.058,42.7497,0.0706925,0.167966
264,0.340999,-0.590628,0.3413,-0.5899,300,43,300.052,42.9624,-0.0774146,0.169291
265,0.694658,4.30734e-17,0.6961,-0.0003,3.55271e-15,44,359.975,44.1149,-0.152473,0.0339425
266,0.347329,0.601592,0.3507,0.6056,60,44,59.9251,44.4122,-0.0810748,-0.0983831
267,-0.347329,0.601592,-0.3436,0.6016,120,44,119.733,43.8528,0.0709527,-0.0958893
268,-0.694658,-6.0729e-08,-0.691,0.0067,180,44,179.444,43.7119,0.143891,0.0360315
269,-0.347329,-0.601592,-0.3453,-0.6027,240,44,240.191,43.9959,0.0723388,0.171783
270,0.347329,-0.601592,0.3438,-0.6006,300,44,299.788,43.7918,-0.0787531,0.172908
271,0.707107,4.38453e-17,0.7075,0.0011,3.55271e-15,45,0.0890817,45.0319,-0.155115,0.0336521
272,0.353553,0.612372,0.3482,0.6174,60,45,60.578,45.139,-0.0823226,-0.100793
273,-0.353553,0.612372,-0.3489,0.6101,120,45,119.764,44.6535,0.0727537,-0.0986988
274,-0.707107,-6.18172e-08,-0.7094,-0.0005,180,45,180.04,45.1861,0.147317,0.0358749
275,-0.353553,-0.612373,-0.352,-0.6069,240,45,239.886,44.5549,0.0741855,0.175531
276,0.353553,-0.612372,0.3565,-0.6073,300,45,300.414,44.7654,-0.0804807,0.175632
277,0.71934,4.46038e-17,0.7221,0.0044,3.55271e-15,46,0.349118,46.2292,-0.158345,0.0336429
278,0.35967,0.622967,0.365,0.6246,60,46,59.6991,46.3384,-0.0841257,-0.103305
279,-0.35967,0.622967,-0.3548,0.6315,120,46,119.329,46.4144,0.074698,-0.10122
280,-0.71934,-6.28867e-08,-0.7111,0.0078,180,46,179.372,45.328,0.149096,0.0362986
281,-0.35967,-0.622967,-0.3574,-0.6295,240,46,240.414,46.3759,0.075994,0.178693
282,0.35967,-0.622967,0.3643,-0.6215,300,46,300.377,46.0875,-0.0827852,0.179212
283,0.731354,4.53487e-17,0.7292,0.0011,3.55271e-15,47,0.0864308,46.8194,-0.162298,0.0337836
284,0.365677,0.633371,0.3698,0.6322,60,47,59.6749,47.0891,-0.0861624,-0.106091
285,-0.365677,0.633371,-0.3572,0.6387,120,47,119.217,47.0374,0.0759279,-0.104063
286,-0.731354,-6.3937e-08,-0.7317,0.0046,180,47,179.64,47.0303,0.152573,0.0369996
287,-0.365677,-0.633371,-0.3664,-0.6364,240,47,240.069,47.2514,0.0777703,0.181983
288,0.365677,-0.633371,0.3677,-0.6326,300,47,300.167,47.0292,-0.0840627,0.182254
289,0.743145,4.60798e-17,0.7411,-0.0014,3.55271e-15,48,359.892,47.8253,-0.165763,0.0339967
290,0.371572,0.643582,0.3754,0.6543,60,48,60.1553,48.968,-0.0877305,-0.108913
291,-0.371572,0.643582,-0.3636,0.6489,120,48,119.263,48.0583,0.0776801,-0.106048
292,-0.743145,-6.49678e-08,-0.7453,0.0032,180,48,179.754,48.1855,0.155089,0.0373255
293,-0.371572,-0.643582,-0.3657,-0.6425,240,48,240.352,47.6706,0.0791626,0.18564
294,0.371572,-0.643582,0.3747,-0.6337,300,48,300.595,47.4079,-0.0855527,0.185793
295,0.75471,4.67969e-17,0.7552,0.007,3.55271e-15,49,0.531063,49.0457,-0.168808,0.0342202
296,0.377355,0.653598,0.3733,0.6539,60,49,60.2787,48.8468,-0.0882193,-0.110922
297,-0.377355,0.653598,-0.3777,0.6553,120,49,119.958,49.1441,0.0798376,-0.108287
298,-0.75471,-6.59788e-08,-0.7503,0.0001,180,49,179.992,48.6164,0.15866,0.0378247
299,-0.377355,-0.653598,-0.3762,-0.6502,240,49,239.947,48.6936,0.0807423,0.188075
300,0.377355,-0.653598,0.3784,-0.6457,300,49,300.372,48.4527,-0.0870671,0.188821
301,0.766044,4.74998e-17,0.7694,-0.0021,3.55271e-15,50,359.844,50.3003,-0.172855,0.0346694
302,0.383022,0.663414,0.3835,0.6689,60,50,60.1731,50.4472,-0.0911013,-0.114315
303,-0.383022,0.663414,-0.3804,0.6619,120,50,119.886,49.767,0.0810383,-0.110659
304,-0.766044,-6.69697e-08,-0.7764,0.005,180,50,179.631,50.9336,0.161946,0.0374351
305,-0.383022,-0.663414,-0.3802,-0.6648,240,50,240.235,49.9818,0.0818711,0.191654
306,0.383022,-0.663414,0.3763,-0.6647,300,50,299.515,49.8025,-0.0887619,0.193398
307,0.777146,4.81881e-17,0.7766,0.0057,3.55271e-15,51,0.420525,50.9522,-0.17587,0.0341625
308,0.388573,0.673028,0.3938,0.6688,60,51,59.5098,50.9072,-0.0925793,-0.11543
309,-0.388573,0.673028,-0.3892,0.6762,120,51,119.923,51.2795,0.082585,-0.113618
310,-0.777146,-6.79403e-08,-0.7773,0.0072,180,51,179.469,51.0171,0.164786,0.0383985
311,-0.388573,-0.673028,-0.3882,-0.6784,240,51,240.221,51.4089,0.0831643,0.195309
312,0.388573,-0.673028,0.386,-0.67,300,51,299.947,50.6455,-0.0897359,0.196648
313,0.788011,4.88618e-17,0.7865,0.0016,3.55271e-15,52,0.116558,51.8598,-0.179214,0.0350806
314,0.394005,0.682437,0.3867,0.6802,60,52,60.3814,51.4843,-0.09351,-0.117623
315,-0.394005,0.682437,-0.3945,0.6869,120,52,119.87,52.3845,0.0835901,-0.115466
316,-0.788011,-6.88901e-08,-0.798,0.0054,180,52,179.612,52.9413,0.167138,0.0397004
317,-0.394005,-0.682437,-0.3933,-0.6829,240,52,240.061,52.0045,0.0846698,0.199152
318,0.394005,-0.682437,0.3909,-0.6842,300,52,299.74,51.9983,-0.0912831,0.20022
319,0.798636,4.95206e-17,0.8,0.0002,3.55271e-15,53,0.0143239,53.1301,-0.182089,0.0354998
320,0.399318,0.691639,0.402,0.7024,60,53,60.2165,54.0278,-0.095856,-0.120282
321,-0.399318,0.691639,-0.3967,0.6933,120,53,119.778,53.0129,0.085904,-0.117372
322,-0.798636,-6.98189e-08,-0.8017,0.0072,180,53,179.485,53.2958,0.169937,0.039224
323,-0.399318,-0.691639,-0.3997,-0.6902,240,53,239.925,52.8998,0.0870348,0.201431
324,0.399318,-0.691639,0.3977,-0.6913,300,53,299.911,52.8953,-0.0928644,0.203586
325,0.809017,5.01644e-17,0.8099,-0.0033,3.55271e-15,54,359.767,54.0868,-0.185487,0.0357531
326,0.404508,0.700629,0.4011,0.7055,60,54,60.3803,54.2475,-0.0965149,-0.122259
327,-0.404509,0.700629,-0.4096,0.6965,120,54,120.459,53.9022,0.087641,-0.118872
328,-0.809017,-7.07265e-08,-0.825,0.0055,180,54,179.618,55.5904,0.172488,0.0393132
329,-0.404508,-0.700629,-0.4064,-0.7011,240,54,239.901,54.1323,0.088177,0.205085
330,0.404508,-0.700629,0.4035,-0.7057,300,54,299.76,54.3814,-0.0948321,0.206741
331,0.819152,5.07928e-17,0.8231,0.0028,3.55271e-15,55,0.194907,55.3968,-0.188663,0.0365435
332,0.409576,0.709406,0.4152,0.7078,60,55,59.6038,55.1441,-0.0981506,-0.123773
333,-0.409576,0.709406,-0.405,0.7099,120,55,119.705,54.8156,0.0875738,-0.120479
334,-0.819152,-7.16125e-08,-0.83,0.0051,180,55,179.648,56.1003,0.174693,0.0399543
335,-0.409576,-0.709406,-0.4174,-0.7121,240,55,239.623,55.6305,0.0906649,0.207832
336,0.409576,-0.709406,0.4086,-0.7097,300,55,299.931,54.9767,-0.0955623,0.210268
337,0.829038,5.14058e-17,0.8268,0.0075,3.55271e-15,56,0.519723,55.7749,-0.19145,0.0367192
338,0.414519,0.717968,0.4162,0.7284,60,56,60.2568,57.0264,-0.100118,-0.125926
339,-0.414519,0.717968,-0.4093,0.7168,120,56,119.727,55.6317,0.0900344,-0.121737
340,-0.829038,-7.24768e-08,-0.8342,-0.0034,180,56,180.234,56.5334,0.177253,0.04114
341,-0.414519,-0.717968,-0.4141,-0.7149,240,56,239.919,55.7075,0.0906143,0.209969
342,0.414519,-0.717968,0.4295,-0.7169,300,56,300.926,56.6901,-0.097681,0.213087
343,0.838671,5.20031e-17,0.8427,0.006,3.55271e-15,57,0.407937,57.4286,-0.195731,0.0355729
344,0.419335,0.72631,0.4199,0.736,60,57,60.2945,57.9252,-0.10131,-0.128262
345,-0.419335,0.72631,-0.419,0.7136,120,57,120.42,55.8446,0.0908357,-0.123392
346,-0.838671,-7.33189e-08,-0.8383,0.0016,180,57,179.891,56.9612,0.179143,0.0406888
347,-0.419335,-0.72631,-0.4134,-0.723,240,57,240.24,56.392,0.0918564,0.213102
348,0.419335,-0.72631,0.4195,-0.7269,300,57,299.99,57.0625,-0.0981448,0.216161
349,0.848048,5.25845e-17,0.8512,0.0053,3.55271e-15,58,0.356748,58.3442,-0.197748,0.0373839
350,0.424024,0.734431,0.4247,0.7415,60,58,60.1977,58.706,-0.102656,-0.129077
351,-0.424024,0.734431,-0.4169,0.7312,120,58,119.69,57.3201,0.0915524,-0.124794
352,-0.848048,-7.41387e-08,-0.8448,-0.0023,180,58,180.156,57.6508,0.180473,0.0414182
353,-0.424024,-0.734431,-0.4288,-0.7294,240,58,239.55,57.7905,0.0930532,0.217179
354,0.424024,-0.734431,0.4164,-0.7371,300,58,299.463,57.8421,-0.0990226,0.219799
355,0.857167,5.315e-17,0.8512,0.0083,3.55271e-15,59,0.55867,58.3468,-0.200801,0.0369897
356,0.428584,0.742329,0.4302,0.7337,60,59,59.6151,58.2685,-0.104124,-0.130778
357,-0.428584,0.742329,-0.4295,0.7316,120,59,120.416,58.0334,0.0929595,-0.125632
358,-0.857167,-7.49359e-08,-0.8505,-0.0066,180,59,180.445,58.2689,0.182372,0.0428173
359,-0.428584,-0.742329,-0.4326,-0.7317,240,59,239.407,58.2134,0.0940152,0.21869
360,0.428584,-0.742329,0.4369,-0.7378,300,59,300.633,59.0321,-0.100756,0.221988
361,0.866025,5.36992e-17,0.8598,-0.0031,3.55271e-15,60,359.793,59.2948,-0.202994,0.0379416
362,0.433013,0.75,0.4354,0.7422,60,60,59.6026,59.3711,-0.106245,-0.131189
363,-0.433013,0.75,-0.4365,0.7261,120,60,121.012,57.9088,0.0943728,-0.127022
364,-0.866025,-7.57103e-08,-0.8566,0.0038,180,60,179.746,58.9379,0.183893,0.0427184
365,-0.433013,-0.75,-0.4284,-0.7438,240,60,240.06,59.1318,0.0961685,0.221264
366,0.433013,-0.75,0.4354,-0.7511,300,60,300.1,60.247,-0.101949,0.225429
367,0.87462,5.42322e-17,0,0,3.55271e-15,61,0,0,-0.206755,0.0391951
368,0.43731,0.757443,0.4443,0.7366,60,61,58.9026,59.3415,-0.107419,-0.131738
369,-0.43731,0.757443,-0.4379,0.7313,120,61,120.913,58.4718,0.0950419,-0.127635
370,-0.87462,-7.64617e-08,-0.8593,-0.0003,180,61,180.02,59.2381,0.185661,0.0430544
371,-0.43731,-0.757443,-0.4312,-0.7447,240,61,239.928,59.3761,0.0961538,0.2245
372,0.43731,-0.757443,0.4387,-0.7519,300,61,300.262,60.5195,-0.102816,0.22731
373,0.882948,5.47485e-17,0,0,3.55271e-15,62,0,0,-0.208572,0.0381788
374,0.441474,0.764655,0.4489,0.7444,60,62,58.9085,60.3747,-0.108787,-0.133238
375,-0.441474,0.764655,-0.4364,0.736,120,62,120.665,58.8319,0.0955267,-0.127265
376,-0.882948,-7.71897e-08,-0.8582,-0.0072,180,62,180.481,59.1184,0.186456,0.0437606
377,-0.441474,-0.764655,-0.4291,-0.7453,240,62,240.069,59.3165,0.0968145,0.226422
378,0.441474,-0.764655,0.4365,-0.7644,300,62,299.728,61.6725,-0.104728,0.231496
379,0.891007,5.52482e-17,0,0,3.55271e-15,63,0,0,-0.211095,0.0385506
380,0.445503,0.771634,0.4494,0.7492,60,63,59.043,60.8854,-0.108795,-0.134355
381,-0.445503,0.771634,-0.4352,0.741,120,63,120.426,59.2435,0.0968814,-0.128752
382,-0.891007,-7.78943e-08,-0.8689,0.0037,180,63,179.756,60.332,0.189093,0.0435557
383,-0.445503,-0.771634,-0.4359,-0.7541,240,63,239.97,60.5774,0.0971477,0.229949
384,0.445503,-0.771634,0.4411,-0.7657,300,63,299.945,62.0878,-0.1051,0.233821
385,0.898794,5.57311e-17,0,0,3.55271e-15,64,0,0,-0.215562,0.0380997
386,0.449397,0.778378,0.4599,0.7433,60,64,58.2538,60.9354,-0.110057,-0.134955
387,-0.449397,0.778378,-0.4437,0.735,120,64,121.118,59.1533,0.0964811,-0.128958
388,-0.898794,-7.85751e-08,-0.8597,-0.0132,180,64,180.88,59.2943,0.18732,0.0450007
389,-0.449397,-0.778379,-0.4404,-0.7568,240,64,239.804,61.1176,0.0970461,0.231381
390,0.449397,-0.778378,0.4311,-0.7751,300,64,299.082,62.4887,-0.10574,0.236225
391,0.906308,5.6197e-17,0,0,3.55271e-15,65,0,0,-0.218507,0.0391309
392,0.453154,0.784886,0.448,0.7562,60,65,59.356,61.5152,-0.110707,-0.136389
393,-0.453154,0.784886,-0.4394,0.736,120,65,120.838,59.0021,0.098013,-0.128946
394,-0.906308,-7.92319e-08,-0.8649,-0.0116,180,65,180.768,59.8802,0.188623,0.0461605
395,-0.453154,-0.784886,-0.4206,-0.766,240,65,241.229,60.9123,0.0971384,0.233402
396,0.453154,-0.784886,0.4569,-0.7626,300,65,300.927,62.7475,-0.108384,0.238599
397,0.913545,5.66458e-17,0,0,3.55271e-15,66,0,0,-0.220416,0.0389274
398,0.456773,0.791154,0.4674,0.7388,60,66,57.6806,60.9547,-0.11251,-0.134649
399,-0.456773,0.791154,-0.4458,0.7286,120,66,121.461,58.6675,0.097429,-0.127132
400,-0.913545,-7.98647e-08,-0.8636,-0.0017,180,66,180.113,59.7234,0.188627,0.0452269
401,-0.456773,-0.791154,-0.4404,-0.767,240,66,240.136,62.1832,0.0985926,0.236405
402,0.456773,-0.791154,0.4415,-0.7746,300,66,299.682,63.0734,-0.109379,0.240873
403,0.920505,5.70773e-17,0,0,3.55271e-15,67,0,0,-0.22467,0.0385813
404,0.460252,0.797181,0.4726,0.7485,60,67,57.7318,62.2778,-0.113422,-0.136185
405,-0.460252,0.797181,-0.448,0.7393,120,67,121.215,59.8196,0.0987484,-0.127492
406,-0.920505,-8.04731e-08,-0.8669,-0.0115,180,67,180.76,60.1091,0.188213,0.0475206
407,-0.460252,-0.797181,-0.4471,-0.7721,240,67,239.926,63.1521,0.100854,0.2385
408,0.460252,-0.797181,0.4411,-0.7774,300,67,299.571,63.3577,-0.108555,0.244142
409,0.927184,5.74915e-17,0,0,3.55271e-15,68,0,0,-0.226461,0.0397898
410,0.463592,0.802965,0.4706,0.7507,60,68,57.9172,62.3761,-0.113948,-0.135796
411,-0.463592,0.802965,-0.4427,0.7138,120,68,121.807,57.1334,0.0974903,-0.126138
412,-0.927184,-8.1057e-08,-0.8611,-0.0287,180,68,181.909,59.4942,0.185921,0.0494065
413,-0.463592,-0.802965,-0.4089,-0.7865,240,68,242.53,62.4296,0.097895,0.240875
414,0.463592,-0.802965,0.4522,-0.7781,300,68,300.163,64.1525,-0.109413,0.247114
415,0.93358,5.78881e-17,0,0,3.55271e-15,69,0,0,-0.229308,0.0416185
416,0.46679,0.808504,0.4686,0.753,60,69,58.1056,62.4865,-0.115901,-0.135489
417,-0.46679,0.808504,-0.4412,0.7194,120,69,121.52,57.556,0.0980864,-0.125263
418,-0.93358,-8.16162e-08,-0.8537,-0.031,180,69,182.08,58.6784,0.183862,0.0489979
419,-0.46679,-0.808504,-0.4341,-0.7757,240,69,240.768,62.7361,0.0986942,0.242549
420,0.46679,-0.808504,0.4464,-0.783,300,69,299.688,64.331,-0.111073,0.249159
