Idx,elevation,azimuth,X,Y,x_light,y_light
1,45,0,0.707107,0,-0.154735,0.0321386
2,45,0,0.707107,0,-0.155117,0.0325969
3,45,0,0.707107,0,-0.155162,0.0322568
4,45,0,0.707107,0,-0.154544,0.0324026
5,45,0,0.707107,0,-0.154375,0.032017
6,45.8161,0,0.717107,0,-0.157667,0.0323134
7,45.8161,0,0.717107,0,-0.157603,0.032925
8,45.8161,0,0.717107,0,-0.157515,0.0323072
9,45.8161,0,0.717107,0,-0.157823,0.0328228
10,45.8161,0,0.717107,0,-0.157668,0.0323326
11,46.6444,0,0.727107,0,-0.160876,0.0326297
12,46.6444,0,0.727107,0,-0.159998,0.0333944
13,46.6444,0,0.727107,0,-0.160859,0.0328447
14,46.6444,0,0.727107,0,-0.160253,0.032435
15,46.6444,0,0.727107,0,-0.160709,0.032422
16,47.4855,0,0.737107,0,-0.163067,0.0335198
17,47.4855,0,0.737107,0,-0.16332,0.0326069
18,47.4855,0,0.737107,0,-0.163549,0.0329306
19,47.4855,0,0.737107,0,-0.163527,0.0324191
20,47.4855,0,0.737107,0,-0.163606,0.0329666
21,48.3404,0,0.747107,0,-0.166378,0.0328413
22,48.3404,0,0.747107,0,-0.166163,0.0336746
23,48.3404,0,0.747107,0,-0.166107,0.0332046
24,48.3404,0,0.747107,0,-0.166517,0.033587
25,48.3404,0,0.747107,0,-0.166607,0.0340147
26,49.2098,0,0.757107,0,-0.169303,0.0336648
27,49.2098,0,0.757107,0,-0.169688,0.033061
28,49.2098,0,0.757107,0,-0.169661,0.0341192
29,49.2098,0,0.757107,0,-0.168965,0.0337165
30,49.2098,0,0.757107,0,-0.168759,0.0335819
31,50.0948,0,0.767107,0,-0.172487,0.0340121
32,50.0948,0,0.767107,0,-0.172651,0.0337419
33,50.0948,0,0.767107,0,-0.173021,0.0340493
34,50.0948,0,0.767107,0,-0.171952,0.0339229
35,50.0948,0,0.767107,0,-0.171862,0.0341354
36,50.9964,0,0.777107,0,-0.175043,0.0334696
37,50.9964,0,0.777107,0,-0.174737,0.0339566
38,50.9964,0,0.777107,0,-0.175194,0.0338086
39,50.9964,0,0.777107,0,-0.175339,0.0335468
40,50.9964,0,0.777107,0,-0.174835,0.0334984
41,51.9159,0,0.787107,0,-0.177537,0.0340531
42,51.9159,0,0.787107,0,-0.178439,0.0336343
43,51.9159,0,0.787107,0,-0.177796,0.0336324
44,51.9159,0,0.787107,0,-0.177354,0.0340836
45,51.9159,0,0.787107,0,-0.178047,0.0334901
46,52.8547,0,0.797107,0,-0.181828,0.0338512
47,52.8547,0,0.797107,0,-0.180599,0.0345904
48,52.8547,0,0.797107,0,-0.181113,0.0339869
49,52.8547,0,0.797107,0,-0.180722,0.0347656
50,52.8547,0,0.797107,0,-0.181339,0.0340715
51,53.8142,0,0.807107,0,-0.18472,0.0349683
52,53.8142,0,0.807107,0,-0.183713,0.0342617
53,53.8142,0,0.807107,0,-0.18376,0.0341713
54,53.8142,0,0.807107,0,-0.183729,0.035492
55,53.8142,0,0.807107,0,-0.183761,0.0344192
56,54.7962,0,0.817107,0,-0.187007,0.0351571
57,54.7962,0,0.817107,0,-0.187469,0.0346479
58,54.7962,0,0.817107,0,-0.186784,0.0352913
59,54.7962,0,0.817107,0,-0.186703,0.0346396
60,54.7962,0,0.817107,0,-0.186894,0.0346592
61,55.8027,0,0.827107,0,-0.190202,0.0356202
62,55.8027,0,0.827107,0,-0.191225,0.035095
63,55.8027,0,0.827107,0,-0.190798,0.0351413
64,55.8027,0,0.827107,0,-0.190675,0.0355181
65,55.8027,0,0.827107,0,-0.19064,0.0351481
66,56.8358,0,0.837107,0,-0.193709,0.035717
67,56.8358,0,0.837107,0,-0.193273,0.0356287
68,56.8358,0,0.837107,0,-0.193028,0.0352106
69,56.8358,0,0.837107,0,-0.192999,0.0357593
70,56.8358,0,0.837107,0,-0.193481,0.0351898
71,57.8983,0,0.847107,0,-0.196431,0.0356649
72,57.8983,0,0.847107,0,-0.196216,0.036797
73,57.8983,0,0.847107,0,-0.196584,0.036037
74,57.8983,0,0.847107,0,-0.196341,0.0353587
75,57.8983,0,0.847107,0,-0.197126,0.0356909
76,58.9933,0,0.857107,0,-0.199913,0.0358525
77,58.9933,0,0.857107,0,-0.200131,0.0358622
78,58.9933,0,0.857107,0,-0.199859,0.0359446
79,58.9933,0,0.857107,0,-0.199913,0.036209
80,58.9933,0,0.857107,0,-0.199869,0.0362435
81,60.1241,0,0.867107,0,-0.203245,0.0362413
82,60.1241,0,0.867107,0,-0.202798,0.0358075
83,60.1241,0,0.867107,0,-0.203119,0.0367616
84,60.1241,0,0.867107,0,-0.202969,0.0361179
85,60.1241,0,0.867107,0,-0.201622,0.0365056
86,61.2953,0,0.877107,0,-0.206902,0.0368943
87,61.2953,0,0.877107,0,-0.20656,0.0365703
88,61.2953,0,0.877107,0,-0.206722,0.0363689
89,61.2953,0,0.877107,0,-0.206912,0.036514
90,61.2953,0,0.877107,0,-0.205818,0.0363512
91,62.5119,0,0.887107,0,-0.209697,0.0375546
92,62.5119,0,0.887107,0,-0.20978,0.0378881
93,62.5119,0,0.887107,0,-0.210347,0.0368241
94,62.5119,0,0.887107,0,-0.209619,0.0363707
95,62.5119,0,0.887107,0,-0.210305,0.0365905
96,63.7803,0,0.897107,0,-0.213586,0.0390038
97,63.7803,0,0.897107,0,-0.212882,0.0374186
98,63.7803,0,0.897107,0,-0.212814,0.0379123
99,63.7803,0,0.897107,0,-0.213465,0.0379563
100,63.7803,0,0.897107,0,-0.212995,0.0376059
101,65.1085,0,0.907107,0,-0.216616,0.0372992
102,65.1085,0,0.907107,0,-0.217793,0.0377258
103,65.1085,0,0.907107,0,-0.216637,0.0377371
104,65.1085,0,0.907107,0,-0.217014,0.0384034
105,65.1085,0,0.907107,0,-0.217496,0.0379256
106,66.5067,0,0.917107,0,-0.220638,0.0387221
107,66.5067,0,0.917107,0,-0.221471,0.0389869
108,66.5067,0,0.917107,0,-0.221593,0.0389453
109,66.5067,0,0.917107,0,-0.220525,0.0382529
110,66.5067,0,0.917107,0,-0.220761,0.0379639
111,67.9882,0,0.927107,0,-0.225779,0.0387609
112,67.9882,0,0.927107,0,-0.224879,0.0393194
113,67.9882,0,0.927107,0,-0.226641,0.0389282
114,67.9882,0,0.927107,0,-0.22516,0.0395225
115,67.9882,0,0.927107,0,-0.225041,0.0387975
116,69.5712,0,0.937107,0,-0.228539,0.0410627
117,69.5712,0,0.937107,0,-0.22878,0.0394161
118,69.5712,0,0.937107,0,-0.228526,0.0399067
119,69.5712,0,0.937107,0,-0.22865,0.0395692
120,69.5712,0,0.937107,0,-0.229109,0.041238
121,45,90,-0.0000000309086,0.707107,-0.00334807,-0.118292
122,45,90,-0.0000000309086,0.707107,-0.0032133,-0.119003
123,45,90,-0.0000000309086,0.707107,-0.00357907,-0.118331
124,45,90,-0.0000000309086,0.707107,-0.00347607,-0.119
125,45,90,-0.0000000309086,0.707107,-0.00338231,-0.118677
126,45.8161,90,-0.0000000313457,0.717107,-0.00334586,-0.120789
127,45.8161,90,-0.0000000313457,0.717107,-0.00308387,-0.120722
128,45.8161,90,-0.0000000313457,0.717107,-0.0035353,-0.12099
129,45.8161,90,-0.0000000313457,0.717107,-0.00321036,-0.121299
130,45.8161,90,-0.0000000313457,0.717107,-0.00295152,-0.120749
131,46.6444,90,-0.0000000317828,0.727107,-0.00284726,-0.122814
132,46.6444,90,-0.0000000317828,0.727107,-0.00338698,-0.123175
133,46.6444,90,-0.0000000317828,0.727107,-0.00327354,-0.122767
134,46.6444,90,-0.0000000317828,0.727107,-0.00333359,-0.123573
135,46.6444,90,-0.0000000317828,0.727107,-0.00258983,-0.123602
136,47.4855,90,-0.00000003222,0.737107,-0.00312561,-0.12479
137,47.4855,90,-0.00000003222,0.737107,-0.00336213,-0.125885
138,47.4855,90,-0.00000003222,0.737107,-0.00316877,-0.125577
139,47.4855,90,-0.00000003222,0.737107,-0.00375763,-0.126155
140,47.4855,90,-0.00000003222,0.737107,-0.00307487,-0.125796
141,48.3404,90,-0.0000000326571,0.747107,-0.00350203,-0.128174
142,48.3404,90,-0.0000000326571,0.747107,-0.00330456,-0.128397
143,48.3404,90,-0.0000000326571,0.747107,-0.00328565,-0.127219
144,48.3404,90,-0.0000000326571,0.747107,-0.00353116,-0.128085
145,48.3404,90,-0.0000000326571,0.747107,-0.00326241,-0.128035
146,49.2098,90,-0.0000000330942,0.757107,-0.00392939,-0.130647
147,49.2098,90,-0.0000000330942,0.757107,-0.00345683,-0.130628
148,49.2098,90,-0.0000000330942,0.757107,-0.00356321,-0.130169
149,49.2098,90,-0.0000000330942,0.757107,-0.00303283,-0.129679
150,49.2098,90,-0.0000000330942,0.757107,-0.003377,-0.13032
151,50.0948,90,-0.0000000335313,0.767107,-0.00436554,-0.132712
152,50.0948,90,-0.0000000335313,0.767107,-0.00390771,-0.131948
153,50.0948,90,-0.0000000335313,0.767107,-0.00275115,-0.13193
154,50.0948,90,-0.0000000335313,0.767107,-0.00324446,-0.132565
155,50.0948,90,-0.0000000335313,0.767107,-0.00348823,-0.13247
156,50.9964,90,-0.0000000339684,0.777107,-0.0034031,-0.134082
157,50.9964,90,-0.0000000339684,0.777107,-0.00346875,-0.134558
158,50.9964,90,-0.0000000339684,0.777107,-0.00374054,-0.134745
159,50.9964,90,-0.0000000339684,0.777107,-0.0040176,-0.134409
160,50.9964,90,-0.0000000339684,0.777107,-0.00336027,-0.134496
161,51.9159,90,-0.0000000344055,0.787107,-0.00381006,-0.136792
162,51.9159,90,-0.0000000344055,0.787107,-0.00368039,-0.136828
163,51.9159,90,-0.0000000344055,0.787107,-0.0041983,-0.13676
164,51.9159,90,-0.0000000344055,0.787107,-0.00378557,-0.136716
165,51.9159,90,-0.0000000344055,0.787107,-0.0031333,-0.136603
166,52.8547,90,-0.0000000348426,0.797107,-0.00365045,-0.138717
167,52.8547,90,-0.0000000348426,0.797107,-0.00364931,-0.138941
168,52.8547,90,-0.0000000348426,0.797107,-0.00324545,-0.139021
169,52.8547,90,-0.0000000348426,0.797107,-0.00406658,-0.138464
170,52.8547,90,-0.0000000348426,0.797107,-0.0030014,-0.138442
171,53.8142,90,-0.0000000352798,0.807107,-0.00380523,-0.14052
172,53.8142,90,-0.0000000352798,0.807107,-0.00367018,-0.140721
173,53.8142,90,-0.0000000352798,0.807107,-0.00403511,-0.140362
174,53.8142,90,-0.0000000352798,0.807107,-0.00369441,-0.139749
175,53.8142,90,-0.0000000352798,0.807107,-0.00369694,-0.140256
176,54.7962,90,-0.0000000357169,0.817107,-0.00348938,-0.142221
177,54.7962,90,-0.0000000357169,0.817107,-0.00343948,-0.142142
178,54.7962,90,-0.0000000357169,0.817107,-0.0036096,-0.142415
179,54.7962,90,-0.0000000357169,0.817107,-0.00363466,-0.142643
180,54.7962,90,-0.0000000357169,0.817107,-0.00401569,-0.143226
181,55.8027,90,-0.000000036154,0.827107,-0.00376121,-0.144132
182,55.8027,90,-0.000000036154,0.827107,-0.00435098,-0.144452
183,55.8027,90,-0.000000036154,0.827107,-0.00357505,-0.144065
184,55.8027,90,-0.000000036154,0.827107,-0.00389124,-0.145039
185,55.8027,90,-0.000000036154,0.827107,-0.0034582,-0.14464
186,56.8358,90,-0.0000000365911,0.837107,-0.00433915,-0.145835
187,56.8358,90,-0.0000000365911,0.837107,-0.0041912,-0.145894
188,56.8358,90,-0.0000000365911,0.837107,-0.00412036,-0.145561
189,56.8358,90,-0.0000000365911,0.837107,-0.00359389,-0.146152
190,56.8358,90,-0.0000000365911,0.837107,-0.00462003,-0.145569
191,57.8983,90,-0.0000000370282,0.847107,-0.00348756,-0.14764
192,57.8983,90,-0.0000000370282,0.847107,-0.00438687,-0.147192
193,57.8983,90,-0.0000000370282,0.847107,-0.00418151,-0.147798
194,57.8983,90,-0.0000000370282,0.847107,-0.00379013,-0.147402
195,57.8983,90,-0.0000000370282,0.847107,-0.00363618,-0.147226
196,58.9933,90,-0.0000000374653,0.857107,-0.00349454,-0.149465
197,58.9933,90,-0.0000000374653,0.857107,-0.00360818,-0.148577
198,58.9933,90,-0.0000000374653,0.857107,-0.00334824,-0.148957
199,58.9933,90,-0.0000000374653,0.857107,-0.00452755,-0.148981
200,58.9933,90,-0.0000000374653,0.857107,-0.00412073,-0.149096
201,60.1241,90,-0.0000000379024,0.867107,-0.00440087,-0.150409
202,60.1241,90,-0.0000000379024,0.867107,-0.00345288,-0.150757
203,60.1241,90,-0.0000000379024,0.867107,-0.00376517,-0.150411
204,60.1241,90,-0.0000000379024,0.867107,-0.0047129,-0.149837
205,60.1241,90,-0.0000000379024,0.867107,-0.00393514,-0.15001
206,61.2953,90,-0.0000000383395,0.877107,-0.00435844,-0.151499
207,61.2953,90,-0.0000000383395,0.877107,-0.0048806,-0.151531
208,61.2953,90,-0.0000000383395,0.877107,-0.00404905,-0.152262
209,61.2953,90,-0.0000000383395,0.877107,-0.00389241,-0.151281
210,61.2953,90,-0.0000000383395,0.877107,-0.00398013,-0.152145
211,62.5119,90,-0.0000000387767,0.887107,-0.00355764,-0.152249
212,62.5119,90,-0.0000000387767,0.887107,-0.00392133,-0.152324
213,62.5119,90,-0.0000000387767,0.887107,-0.00452901,-0.152983
214,62.5119,90,-0.0000000387767,0.887107,-0.00501565,-0.152324
215,62.5119,90,-0.0000000387767,0.887107,-0.00502176,-0.151962
216,63.7803,90,-0.0000000392138,0.897107,-0.00409862,-0.152546
217,63.7803,90,-0.0000000392138,0.897107,-0.00438779,-0.152035
218,63.7803,90,-0.0000000392138,0.897107,-0.00409469,-0.151695
219,63.7803,90,-0.0000000392138,0.897107,-0.00352316,-0.153097
220,63.7803,90,-0.0000000392138,0.897107,-0.00512821,-0.152564
221,65.1085,90,-0.0000000396509,0.907107,-0.00400027,-0.152417
222,65.1085,90,-0.0000000396509,0.907107,-0.00420282,-0.152793
223,65.1085,90,-0.0000000396509,0.907107,-0.00341782,-0.152787
224,65.1085,90,-0.0000000396509,0.907107,-0.00477367,-0.152385
225,65.1085,90,-0.0000000396509,0.907107,-0.00464171,-0.15277
226,66.5067,90,-0.000000040088,0.917107,-0.00322055,-0.152307
227,66.5067,90,-0.000000040088,0.917107,-0.0041956,-0.151548
228,66.5067,90,-0.000000040088,0.917107,-0.00372312,-0.15084
229,66.5067,90,-0.000000040088,0.917107,-0.00285807,-0.152274
230,66.5067,90,-0.000000040088,0.917107,-0.00375262,-0.152342
231,67.9882,90,-0.0000000405251,0.927107,-0.00458324,-0.150936
232,67.9882,90,-0.0000000405251,0.927107,-0.00547722,-0.149206
233,67.9882,90,-0.0000000405251,0.927107,-0.00260123,-0.149901
234,67.9882,90,-0.0000000405251,0.927107,-0.00450906,-0.150898
235,67.9882,90,-0.0000000405251,0.927107,-0.00434884,-0.150812
236,69.5712,90,-0.0000000409622,0.937107,-0.00305266,-0.148478
237,69.5712,90,-0.0000000409622,0.937107,-0.00440603,-0.147348
238,69.5712,90,-0.0000000409622,0.937107,-0.00427477,-0.147585
239,69.5712,90,-0.0000000409622,0.937107,-0.00388809,-0.147663
240,69.5712,90,-0.0000000409622,0.937107,-0.00456274,-0.148458
241,45,180,-0.707107,-0.0000000618172,0.14562,0.0368764
242,45,180,-0.707107,-0.0000000618172,0.145975,0.0376076
243,45,180,-0.707107,-0.0000000618172,0.145692,0.0372578
244,45,180,-0.707107,-0.0000000618172,0.146035,0.0373867
245,45,180,-0.707107,-0.0000000618172,0.146161,0.0366723
246,45.8161,180,-0.717107,-0.0000000626915,0.148382,0.0375793
247,45.8161,180,-0.717107,-0.0000000626915,0.14813,0.0370853
248,45.8161,180,-0.717107,-0.0000000626915,0.148158,0.0372602
249,45.8161,180,-0.717107,-0.0000000626915,0.148154,0.0371918
250,45.8161,180,-0.717107,-0.0000000626915,0.148598,0.0372596
251,46.6444,180,-0.727107,-0.0000000635657,0.150736,0.0375185
252,46.6444,180,-0.727107,-0.0000000635657,0.150279,0.0376232
253,46.6444,180,-0.727107,-0.0000000635657,0.150405,0.0377278
254,46.6444,180,-0.727107,-0.0000000635657,0.1505,0.0376281
255,46.6444,180,-0.727107,-0.0000000635657,0.150897,0.0376416
256,47.4855,180,-0.737107,-0.0000000644399,0.153636,0.0369725
257,47.4855,180,-0.737107,-0.0000000644399,0.153636,0.0370121
258,47.4855,180,-0.737107,-0.0000000644399,0.153478,0.0379637
259,47.4855,180,-0.737107,-0.0000000644399,0.153378,0.0374378
260,47.4855,180,-0.737107,-0.0000000644399,0.153869,0.0379672
261,48.3404,180,-0.747107,-0.0000000653141,0.156265,0.0374213
262,48.3404,180,-0.747107,-0.0000000653141,0.155817,0.0376067
263,48.3404,180,-0.747107,-0.0000000653141,0.15598,0.0379292
264,48.3404,180,-0.747107,-0.0000000653141,0.15592,0.0377919
265,48.3404,180,-0.747107,-0.0000000653141,0.156046,0.0375855
266,49.2098,180,-0.757107,-0.0000000661884,0.158957,0.0385837
267,49.2098,180,-0.757107,-0.0000000661884,0.158963,0.0385496
268,49.2098,180,-0.757107,-0.0000000661884,0.158396,0.0382735
269,49.2098,180,-0.757107,-0.0000000661884,0.158511,0.0378332
270,49.2098,180,-0.757107,-0.0000000661884,0.158656,0.0386287
271,50.0948,180,-0.767107,-0.0000000670626,0.161137,0.0377648
272,50.0948,180,-0.767107,-0.0000000670626,0.16067,0.0380461
273,50.0948,180,-0.767107,-0.0000000670626,0.160829,0.0381403
274,50.0948,180,-0.767107,-0.0000000670626,0.160453,0.0377005
275,50.0948,180,-0.767107,-0.0000000670626,0.161525,0.0385003
276,50.9964,180,-0.777107,-0.0000000679368,0.163268,0.0388285
277,50.9964,180,-0.777107,-0.0000000679368,0.163372,0.0390635
278,50.9964,180,-0.777107,-0.0000000679368,0.16365,0.0385879
279,50.9964,180,-0.777107,-0.0000000679368,0.163051,0.038601
280,50.9964,180,-0.777107,-0.0000000679368,0.163292,0.0383647
281,51.9159,180,-0.787107,-0.0000000688111,0.165893,0.0388924
282,51.9159,180,-0.787107,-0.0000000688111,0.165986,0.0391486
283,51.9159,180,-0.787107,-0.0000000688111,0.165676,0.0394278
284,51.9159,180,-0.787107,-0.0000000688111,0.166173,0.0386852
285,51.9159,180,-0.787107,-0.0000000688111,0.166231,0.0387325
286,52.8547,180,-0.797107,-0.0000000696853,0.168222,0.038679
287,52.8547,180,-0.797107,-0.0000000696853,0.16815,0.0394657
288,52.8547,180,-0.797107,-0.0000000696853,0.168391,0.0391079
289,52.8547,180,-0.797107,-0.0000000696853,0.168076,0.0393771
290,52.8547,180,-0.797107,-0.0000000696853,0.167961,0.0392747
291,53.8142,180,-0.807107,-0.0000000705595,0.170997,0.0395563
292,53.8142,180,-0.807107,-0.0000000705595,0.171286,0.039138
293,53.8142,180,-0.807107,-0.0000000705595,0.170608,0.0402595
294,53.8142,180,-0.807107,-0.0000000705595,0.170243,0.0395704
295,53.8142,180,-0.807107,-0.0000000705595,0.170451,0.0397458
296,54.7962,180,-0.817107,-0.0000000714337,0.173036,0.039637
297,54.7962,180,-0.817107,-0.0000000714337,0.172427,0.0403763
298,54.7962,180,-0.817107,-0.0000000714337,0.172946,0.0396666
299,54.7962,180,-0.817107,-0.0000000714337,0.174159,0.0403651
300,54.7962,180,-0.817107,-0.0000000714337,0.173086,0.0400738
301,55.8027,180,-0.827107,-0.000000072308,0.174922,0.0404936
302,55.8027,180,-0.827107,-0.000000072308,0.175446,0.0410288
303,55.8027,180,-0.827107,-0.000000072308,0.175083,0.0411318
304,55.8027,180,-0.827107,-0.000000072308,0.17513,0.0403103
305,55.8027,180,-0.827107,-0.000000072308,0.175963,0.0399728
306,56.8358,180,-0.837107,-0.0000000731822,0.177558,0.0409097
307,56.8358,180,-0.837107,-0.0000000731822,0.177313,0.0408914
308,56.8358,180,-0.837107,-0.0000000731822,0.177193,0.0408331
309,56.8358,180,-0.837107,-0.0000000731822,0.177945,0.0409607
310,56.8358,180,-0.837107,-0.0000000731822,0.177153,0.0411498
311,57.8983,180,-0.847107,-0.0000000740564,0.179549,0.0417676
312,57.8983,180,-0.847107,-0.0000000740564,0.180224,0.0413163
313,57.8983,180,-0.847107,-0.0000000740564,0.179601,0.0415774
314,57.8983,180,-0.847107,-0.0000000740564,0.17931,0.0419267
315,57.8983,180,-0.847107,-0.0000000740564,0.179438,0.0415517
316,58.9933,180,-0.857107,-0.0000000749306,0.181291,0.0419885
317,58.9933,180,-0.857107,-0.0000000749306,0.181359,0.041552
318,58.9933,180,-0.857107,-0.0000000749306,0.181388,0.0421218
319,58.9933,180,-0.857107,-0.0000000749306,0.18142,0.041533
320,58.9933,180,-0.857107,-0.0000000749306,0.181634,0.0416934
321,60.1241,180,-0.867107,-0.0000000758049,0.182824,0.042746
322,60.1241,180,-0.867107,-0.0000000758049,0.183801,0.0430574
323,60.1241,180,-0.867107,-0.0000000758049,0.182873,0.044205
324,60.1241,180,-0.867107,-0.0000000758049,0.183283,0.0416539
325,60.1241,180,-0.867107,-0.0000000758049,0.183696,0.0427641
326,61.2953,180,-0.877107,-0.0000000766791,0.185411,0.0431175
327,61.2953,180,-0.877107,-0.0000000766791,0.184339,0.0431555
328,61.2953,180,-0.877107,-0.0000000766791,0.184355,0.0428464
329,61.2953,180,-0.877107,-0.0000000766791,0.185043,0.0431304
330,61.2953,180,-0.877107,-0.0000000766791,0.184396,0.0430027
331,62.5119,180,-0.887107,-0.0000000775533,0.186423,0.0439943
332,62.5119,180,-0.887107,-0.0000000775533,0.186573,0.0439494
333,62.5119,180,-0.887107,-0.0000000775533,0.186402,0.0439464
334,62.5119,180,-0.887107,-0.0000000775533,0.186033,0.0440629
335,62.5119,180,-0.887107,-0.0000000775533,0.186044,0.043273
336,63.7803,180,-0.897107,-0.0000000784275,0.18763,0.0448589
337,63.7803,180,-0.897107,-0.0000000784275,0.188241,0.0451473
338,63.7803,180,-0.897107,-0.0000000784275,0.187657,0.0445953
339,63.7803,180,-0.897107,-0.0000000784275,0.188095,0.0450917
340,63.7803,180,-0.897107,-0.0000000784275,0.186601,0.0444167
341,65.1085,180,-0.907107,-0.0000000793018,0.187489,0.0453423
342,65.1085,180,-0.907107,-0.0000000793018,0.187054,0.0459424
343,65.1085,180,-0.907107,-0.0000000793018,0.188292,0.0457348
344,65.1085,180,-0.907107,-0.0000000793018,0.18757,0.0463248
345,65.1085,180,-0.907107,-0.0000000793018,0.187799,0.0463311
346,66.5067,180,-0.917107,-0.000000080176,0.186992,0.0471835
347,66.5067,180,-0.917107,-0.000000080176,0.187901,0.0466944
348,66.5067,180,-0.917107,-0.000000080176,0.186937,0.0475571
349,66.5067,180,-0.917107,-0.000000080176,0.188178,0.0474606
350,66.5067,180,-0.917107,-0.000000080176,0.18702,0.0468455
351,67.9882,180,-0.927107,-0.0000000810502,0.18466,0.0485619
352,67.9882,180,-0.927107,-0.0000000810502,0.185766,0.0483437
353,67.9882,180,-0.927107,-0.0000000810502,0.18618,0.0491509
354,67.9882,180,-0.927107,-0.0000000810502,0.186248,0.0485694
355,67.9882,180,-0.927107,-0.0000000810502,0.185604,0.0493774
356,69.5712,180,-0.937107,-0.0000000819245,0.183192,0.0506194
357,69.5712,180,-0.937107,-0.0000000819245,0.183317,0.0498019
358,69.5712,180,-0.937107,-0.0000000819245,0.182129,0.0496714
359,69.5712,180,-0.937107,-0.0000000819245,0.183438,0.0491817
360,69.5712,180,-0.937107,-0.0000000819245,0.183884,0.0497308
361,45,270,0.00000000843216,-0.707107,-0.00351616,0.195495
362,45,270,0.00000000843216,-0.707107,-0.00344944,0.194706
363,45,270,0.00000000843216,-0.707107,-0.00376722,0.195052
364,45,270,0.00000000843216,-0.707107,-0.00343191,0.194719
365,45,270,0.00000000843216,-0.707107,-0.00376369,0.194869
366,45.8161,270,0.00000000855141,-0.717107,-0.00358136,0.198575
367,45.8161,270,0.00000000855141,-0.717107,-0.00409719,0.198399
368,45.8161,270,0.00000000855141,-0.717107,-0.00307129,0.197993
369,45.8161,270,0.00000000855141,-0.717107,-0.00413641,0.198528
370,45.8161,270,0.00000000855141,-0.717107,-0.00312512,0.198636
371,46.6444,270,0.00000000867066,-0.727107,-0.00333631,0.201459
372,46.6444,270,0.00000000867066,-0.727107,-0.00376436,0.201257
373,46.6444,270,0.00000000867066,-0.727107,-0.00310258,0.201706
374,46.6444,270,0.00000000867066,-0.727107,-0.00359105,0.201157
375,46.6444,270,0.00000000867066,-0.727107,-0.00357004,0.20194
376,47.4855,270,0.00000000878991,-0.737107,-0.00334012,0.205012
377,47.4855,270,0.00000000878991,-0.737107,-0.00398847,0.204123
378,47.4855,270,0.00000000878991,-0.737107,-0.00341958,0.204325
379,47.4855,270,0.00000000878991,-0.737107,-0.00385185,0.204425
380,47.4855,270,0.00000000878991,-0.737107,-0.00385292,0.204797
381,48.3404,270,0.00000000890916,-0.747107,-0.00346272,0.207843
382,48.3404,270,0.00000000890916,-0.747107,-0.00338178,0.208221
383,48.3404,270,0.00000000890916,-0.747107,-0.00331945,0.208321
384,48.3404,270,0.00000000890916,-0.747107,-0.00328583,0.207531
385,48.3404,270,0.00000000890916,-0.747107,-0.00393296,0.207801
386,49.2098,270,0.00000000902841,-0.757107,-0.00341494,0.210492
387,49.2098,270,0.00000000902841,-0.757107,-0.00302301,0.21159
388,49.2098,270,0.00000000902841,-0.757107,-0.00353648,0.210914
389,49.2098,270,0.00000000902841,-0.757107,-0.00359897,0.211229
390,49.2098,270,0.00000000902841,-0.757107,-0.0034595,0.21107
391,50.0948,270,0.00000000914766,-0.767107,-0.00319408,0.214886
392,50.0948,270,0.00000000914766,-0.767107,-0.00325884,0.214852
393,50.0948,270,0.00000000914766,-0.767107,-0.00308661,0.214614
394,50.0948,270,0.00000000914766,-0.767107,-0.00312441,0.213949
395,50.0948,270,0.00000000914766,-0.767107,-0.00316741,0.214524
396,50.9964,270,0.0000000092669,-0.777107,-0.00289457,0.218465
397,50.9964,270,0.0000000092669,-0.777107,-0.00289606,0.218277
398,50.9964,270,0.0000000092669,-0.777107,-0.00257511,0.217768
399,50.9964,270,0.0000000092669,-0.777107,-0.00365026,0.216997
400,50.9964,270,0.0000000092669,-0.777107,-0.00328799,0.217416
401,51.9159,270,0.00000000938615,-0.787107,-0.00375783,0.221184
402,51.9159,270,0.00000000938615,-0.787107,-0.00349504,0.220891
403,51.9159,270,0.00000000938615,-0.787107,-0.00386898,0.221323
404,51.9159,270,0.00000000938615,-0.787107,-0.00356498,0.220281
405,51.9159,270,0.00000000938615,-0.787107,-0.00399387,0.228131
406,52.8547,270,0.0000000095054,-0.797107,-0.0038309,0.224761
407,52.8547,270,0.0000000095054,-0.797107,-0.00315614,0.223274
408,52.8547,270,0.0000000095054,-0.797107,-0.00286326,0.223808
409,52.8547,270,0.0000000095054,-0.797107,-0.0030428,0.223928
410,52.8547,270,0.0000000095054,-0.797107,-0.00313451,0.223858
411,53.8142,270,0.00000000962465,-0.807107,-0.0032685,0.226547
412,53.8142,270,0.00000000962465,-0.807107,-0.00404971,0.227038
413,53.8142,270,0.00000000962465,-0.807107,-0.00296187,0.226953
414,53.8142,270,0.00000000962465,-0.807107,-0.00280359,0.227693
415,53.8142,270,0.00000000962465,-0.807107,-0.00381741,0.227078
416,54.7962,270,0.0000000097439,-0.817107,-0.00325733,0.230985
417,54.7962,270,0.0000000097439,-0.817107,-0.00259555,0.23048
418,54.7962,270,0.0000000097439,-0.817107,-0.00231079,0.231341
419,54.7962,270,0.0000000097439,-0.817107,-0.00321681,0.230824
420,54.7962,270,0.0000000097439,-0.817107,-0.00361612,0.23048
421,55.8027,270,0.00000000986315,-0.827107,-0.00330128,0.234632
422,55.8027,270,0.00000000986315,-0.827107,-0.00239634,0.233752
423,55.8027,270,0.00000000986315,-0.827107,-0.00327678,0.233913
424,55.8027,270,0.00000000986315,-0.827107,-0.00280167,0.234487
425,55.8027,270,0.00000000986315,-0.827107,-0.00326368,0.233767
426,56.8358,270,0.0000000099824,-0.837107,-0.00307135,0.238709
427,56.8358,270,0.0000000099824,-0.837107,-0.00288996,0.237454
428,56.8358,270,0.0000000099824,-0.837107,-0.00266038,0.23848
429,56.8358,270,0.0000000099824,-0.837107,-0.00293373,0.238484
430,56.8358,270,0.0000000099824,-0.837107,-0.00292888,0.238691
431,57.8983,270,0.0000000101016,-0.847107,-0.00320496,0.241096
432,57.8983,270,0.0000000101016,-0.847107,-0.00310013,0.242017
433,57.8983,270,0.0000000101016,-0.847107,-0.00232462,0.241244
434,57.8983,270,0.0000000101016,-0.847107,-0.00301834,0.241338
435,57.8983,270,0.0000000101016,-0.847107,-0.00289047,0.241303
436,58.9933,270,0.0000000102209,-0.857107,-0.00232527,0.245116
437,58.9933,270,0.0000000102209,-0.857107,-0.00304227,0.244663
438,58.9933,270,0.0000000102209,-0.857107,-0.00237758,0.24441
439,58.9933,270,0.0000000102209,-0.857107,-0.0030738,0.245663
440,58.9933,270,0.0000000102209,-0.857107,-0.00272203,0.244556
441,60.1241,270,0.0000000103401,-0.867107,-0.00274977,0.247952
442,60.1241,270,0.0000000103401,-0.867107,-0.0021348,0.248163
443,60.1241,270,0.0000000103401,-0.867107,-0.0027195,0.247641
444,60.1241,270,0.0000000103401,-0.867107,-0.00297115,0.248327
445,60.1241,270,0.0000000103401,-0.867107,-0.00253249,0.248156
446,61.2953,270,0.0000000104594,-0.877107,-0.00258398,0.251633
447,61.2953,270,0.0000000104594,-0.877107,-0.00206521,0.253265
448,61.2953,270,0.0000000104594,-0.877107,-0.00232369,0.252934
449,61.2953,270,0.0000000104594,-0.877107,-0.00194875,0.251214
450,61.2953,270,0.0000000104594,-0.877107,-0.00194796,0.252508
451,62.5119,270,0.0000000105786,-0.887107,-0.00219485,0.257042
452,62.5119,270,0.0000000105786,-0.887107,-0.00276823,0.255438
453,62.5119,270,0.0000000105786,-0.887107,-0.00158103,0.255275
454,62.5119,270,0.0000000105786,-0.887107,-0.00216523,0.256015
455,62.5119,270,0.0000000105786,-0.887107,-0.00207393,0.256069
456,63.7803,270,0.0000000106979,-0.897107,-0.00273655,0.259393
457,63.7803,270,0.0000000106979,-0.897107,-0.00164003,0.258256
458,63.7803,270,0.0000000106979,-0.897107,-0.00141835,0.259171
459,63.7803,270,0.0000000106979,-0.897107,-0.00173155,0.258962
460,63.7803,270,0.0000000106979,-0.897107,-0.00123719,0.259461
461,65.1085,270,0.0000000108171,-0.907107,-0.0012481,0.26254
462,65.1085,270,0.0000000108171,-0.907107,-0.00279942,0.263854
463,65.1085,270,0.0000000108171,-0.907107,-0.00178988,0.261963
464,65.1085,270,0.0000000108171,-0.907107,-0.00229637,0.262799
465,65.1085,270,0.0000000108171,-0.907107,-0.00213321,0.262384
466,66.5067,270,0.0000000109364,-0.917107,-0.000977517,0.267586
467,66.5067,270,0.0000000109364,-0.917107,-0.00101479,0.267106
468,66.5067,270,0.0000000109364,-0.917107,-0.00170457,0.267182
469,66.5067,270,0.0000000109364,-0.917107,-0.00166836,0.26788
470,66.5067,270,0.0000000109364,-0.917107,-0.00170432,0.266998
471,67.9882,270,0.0000000110556,-0.927107,-0.000858436,0.270407
472,67.9882,270,0.0000000110556,-0.927107,-0.00268472,0.269211
473,67.9882,270,0.0000000110556,-0.927107,-0.00201301,0.270517
474,67.9882,270,0.0000000110556,-0.927107,-0.00158552,0.269887
475,67.9882,270,0.0000000110556,-0.927107,-0.00139061,0.270396
476,69.5712,270,0.0000000111749,-0.937107,-0.000379251,0.274451
477,69.5712,270,0.0000000111749,-0.937107,-0.00172537,0.273997
478,69.5712,270,0.0000000111749,-0.937107,-0.000672834,0.273675
479,69.5712,270,0.0000000111749,-0.937107,-0.00122141,0.275239
480,69.5712,270,0.0000000111749,-0.937107,-0.000801316,0.275357
