Idx,X,Y,x_light,y_light,elevation,azimuth,adc0,adc1,adc2,adc3,adcSum,adc0_percent,adc1_percent,adc2_percent,adc3_percent,min_adc
1,0.31909,-0.7847,-0.0767749,0.231231,57.8973,292.129,183.484,156.172,98.5156,113.562,551.734,33.256,28.306,17.856,20.583,17.856
2,0.20483,-0.79868,-0.0513322,0.230863,55.5406,284.384,192.516,171.281,109.109,118.219,591.125,32.568,28.975,18.458,19.999,18.458
3,0.1018,-0.72946,-0.0256866,0.205428,47.4366,277.945,224.953,209.5,141.656,144.719,720.828,31.208,29.064,19.652,20.077,19.652
4,-0.00989939,-0.73466,-0.000540435,0.205128,47.2841,269.228,220.234,215.297,145.906,141.359,722.796,30.47,29.787,20.186,19.557,19.557
5,-0.12501,-0.72808,0.0255157,0.20454,47.6237,260.257,212.438,218.703,148.359,136.359,715.859,29.676,30.551,20.725,19.048,19.048
6,-0.24124,-0.72089,0.0522334,0.205515,49.4804,251.498,198.406,214.859,145.859,126.5,685.624,28.938,31.338,21.274,18.45,18.45
7,-0.35469,-0.70691,0.0773249,0.204784,52.2699,243.355,180.562,205.062,139.766,114.766,640.156,28.206,32.033,21.833,17.928,17.928
8,-0.47088,-0.688151,0.101413,0.204831,56.4946,235.617,157.109,185.844,127.672,98.6719,569.297,27.597,32.644,22.426,17.332,17.332
9,-0.0146499,0.74728,-0.000400178,-0.128413,48.3677,91.1231,153.609,152.672,198.594,197.938,702.813,21.856,21.723,28.257,28.164,21.723
10,0.435689,-0.76498,-0.103284,0.230744,61.6849,299.663,162.516,132.594,82.4219,102.031,479.563,33.888,27.649,17.187,21.276,17.187
11,0.0957595,-0.80727,-0.0234046,0.229892,54.3832,276.765,192.25,180.109,115.562,117.594,605.515,31.75,29.745,19.085,19.42,19.085
12,0.21172,-0.72256,-0.0509848,0.205267,48.8457,286.331,221.438,196.875,132.5,143.328,694.141,31.901,28.362,19.088,20.648,19.088
13,-0.27128,-0.33854,0.0510573,0.102067,25.7104,231.294,260.609,284.578,235.375,208.828,989.39,26.34,28.763,23.79,21.107,21.107
14,-0.1427,-0.34305,0.0250213,0.101421,21.811,247.414,278.203,288.547,238.891,223.484,1029.125,27.033,28.038,23.213,21.716,21.716
15,-0.497649,-0.41785,0.102667,0.128296,40.5273,220.018,206.281,248.422,195.953,155.344,806.0,25.593,30.822,24.312,19.273,19.273
16,-0.38306,-0.43238,0.0765935,0.127501,35.2859,228.461,230.125,263.359,207.844,174.031,875.359,26.289,30.086,23.744,19.881,19.881
17,0.656,-0.55892,-0.15293,0.178864,59.5211,319.569,174.469,128.812,89.1094,122.141,514.531,33.908,25.035,17.319,23.738,17.319
18,0.10381,-0.647961,-0.0257229,0.179632,41.0125,279.102,245.047,228.234,162.656,166.484,802.421,30.538,28.443,20.271,20.748,20.271
19,0.0933806,0.74323,-0.0250694,-0.128145,48.5102,82.8388,155.688,146.172,191.375,199.219,692.454,22.484,21.109,27.637,28.77,21.109
20,-0.13149,0.74522,0.0255821,-0.127635,49.1769,100.007,144.75,152.031,196.875,186.75,680.406,21.274,22.344,28.935,27.447,21.274
21,-0.35452,0.74759,0.0772664,-0.128455,55.8316,115.371,115.656,137.609,175.438,152.484,581.187,19.9,23.677,30.186,26.237,19.9
22,-0.00836008,-0.81113,-0.00087184,0.230319,54.2107,269.409,189.531,185.312,119.094,115.406,609.343,31.104,30.412,19.545,18.939,18.939
23,0.32674,-0.70718,-0.0765047,0.205534,51.1704,294.798,215.406,182.844,122.234,140.219,660.703,32.603,27.674,18.501,21.223,18.501
24,-0.39107,-0.32264,0.0764109,0.102384,30.4631,219.523,241.953,277.984,229.703,193.656,943.296,25.65,29.469,24.351,20.53,20.53
25,-0.01847,-0.34898,0.000446123,0.102073,20.4548,266.97,291.422,287.562,238.031,233.703,1050.718,27.736,27.368,22.654,22.242,22.242
26,-0.611021,-0.39464,0.128108,0.127336,46.6675,212.857,181.781,228.719,182.062,135.703,728.265,24.961,31.406,24.999,18.634,18.634
27,-0.26538,-0.44243,0.0515348,0.126995,31.0588,239.044,253.734,276.922,218.203,192.859,941.718,26.944,29.406,23.171,20.479,20.479
28,0.5552,-0.58567,-0.128055,0.179939,53.8043,313.47,207.422,160.0,111.516,143.844,622.782,33.306,25.691,17.906,23.097,17.906
29,0.21811,-0.63894,-0.05087,0.179503,42.4652,288.848,249.484,221.312,157.531,169.969,798.296,31.252,27.723,19.733,21.291,19.733
30,-0.0135198,-0.64743,0.000566358,0.178856,40.3587,268.804,246.312,241.531,172.531,167.281,827.655,29.76,29.183,20.846,20.211,20.211
31,0.424551,0.733349,-0.102802,-0.128615,57.9273,59.9326,135.969,105.078,143.109,169.094,553.25,24.576,18.993,25.867,30.564,18.993
32,0.2071,0.74063,-0.0518249,-0.128182,50.2678,74.3776,157.328,138.641,183.25,199.75,678.969,23.172,20.419,26.989,29.42,20.419
33,0.36603,-0.21761,-0.0764264,0.0771369,25.2033,329.268,295.062,249.75,217.391,249.391,1011.594,29.168,24.689,21.49,24.653,21.49
34,-0.24343,0.74909,0.051237,-0.128898,51.9665,108.003,133.797,149.25,192.328,174.484,649.859,20.589,22.967,29.595,26.85,20.589
35,-0.12048,-0.80837,0.0253399,0.230583,54.8153,261.523,184.047,189.281,121.781,111.641,606.75,30.333,31.196,20.071,18.4,18.4
36,0.44065,-0.68643,-0.101859,0.20413,54.6562,302.698,202.422,163.859,109.344,132.75,608.375,33.273,26.934,17.973,21.82,17.973
37,-0.50694,-0.31204,0.103134,0.102919,36.5325,211.614,217.688,262.625,217.781,172.891,870.985,24.993,30.153,25.004,19.85,19.85
38,0.11013,-0.347011,-0.0254603,0.102752,21.3502,287.608,297.984,278.953,230.906,238.516,1046.359,28.478,26.659,22.068,22.795,22.068
39,-0.72292,-0.36937,0.15383,0.128673,54.2739,207.064,148.062,194.031,155.688,108.406,606.187,24.425,32.008,25.683,17.883,17.883
40,-0.13817,-0.45644,0.0254688,0.12924,28.4828,253.158,269.672,279.359,219.219,204.141,972.391,27.733,28.729,22.544,20.994,20.994
41,0.45224,-0.60492,-0.102952,0.178931,49.0499,306.782,228.312,183.844,129.766,157.281,699.203,32.653,26.293,18.559,22.494,18.559
42,0.33489,-0.6236,-0.07667,0.178677,45.0589,298.237,242.469,205.281,145.469,166.531,759.75,31.914,27.02,19.147,21.919,19.147
43,-0.12934,-0.64579,0.0257031,0.178423,41.1943,258.674,235.891,243.359,173.781,160.344,813.375,29.002,29.92,21.365,19.713,19.713
44,0.46024,-0.518221,-0.101995,0.154038,43.8752,311.609,248.219,200.125,148.75,179.906,777.0,31.946,25.756,19.144,23.154,19.144
45,-0.477491,0.62474,0.102416,-0.102079,51.8428,127.391,129.703,162.156,196.172,162.047,650.078,19.952,24.944,30.177,24.927,19.952
46,0.31426,0.73292,-0.0762834,-0.128036,52.8876,66.7914,152.375,126.156,168.906,191.422,638.859,23.851,19.747,26.439,29.963,19.747
47,0.23923,-0.22405,-0.050837,0.0764242,19.1331,316.877,302.922,270.266,235.156,256.641,1064.985,28.444,25.377,22.081,24.098,22.081
48,0.4851,-0.20607,-0.101828,0.0765371,31.8067,336.984,280.469,225.672,196.609,237.562,940.312,29.827,24.0,20.909,25.264,20.909
49,-0.23055,-0.80122,0.0510361,0.230541,56.4839,253.947,171.406,184.422,119.5,103.0,578.328,29.638,31.889,20.663,17.81,17.81
50,0.54602,-0.6639,-0.12817,0.203812,59.271,309.435,179.0,138.797,91.3594,118.828,527.984,33.903,26.288,17.303,22.506,17.303
51,-0.61814,-0.29283,0.12783,0.102175,43.1565,205.348,189.234,239.047,199.203,149.672,777.156,24.35,30.759,25.632,19.259,19.259
52,0.237381,-0.34065,-0.0515056,0.102517,24.532,304.871,295.016,262.203,217.172,236.422,1010.813,29.186,25.94,21.485,23.389,21.485
53,0.77656,-0.2619,-0.179745,0.101276,55.0382,341.363,195.359,135.109,111.031,158.656,600.155,32.551,22.512,18.5,26.436,18.5
54,-0.0126501,-0.459289,-0.000111477,0.128119,27.3525,268.422,279.047,274.375,216.141,211.578,981.141,28.441,27.965,22.03,21.564,21.564
55,0.35295,-0.437671,-0.076582,0.128687,34.2118,308.884,275.812,233.234,183.234,209.734,902.014,30.577,25.857,20.314,23.252,20.314
56,-0.24832,-0.63708,0.0511766,0.178767,43.1385,248.705,220.156,238.891,170.469,149.344,778.86,28.266,30.672,21.887,19.175,19.175
57,0.565081,-0.4966,-0.126973,0.153721,48.7884,318.691,228.094,175.609,129.875,166.25,699.828,32.593,25.093,18.558,23.756,18.558
58,0.34582,-0.53596,-0.0772125,0.154068,39.6312,302.832,259.859,219.484,163.797,187.562,830.702,31.282,26.422,19.718,22.579,19.718
59,-0.36703,0.62749,0.0771611,-0.102473,46.6312,120.324,149.719,176.609,215.031,185.812,727.171,20.589,24.287,29.571,25.553,20.589
60,-0.1472,-0.227239,0.0253638,0.0770479,15.7089,237.066,284.578,295.984,256.719,240.781,1078.062,26.397,27.455,23.813,22.335,22.335
61,-0.0167898,-0.232279,0.000514948,0.0777857,13.467,265.866,296.062,292.594,253.859,249.828,1092.343,27.103,26.786,23.24,22.871,22.871
62,0.11019,-0.22879,-0.0252342,0.0765937,14.7109,295.716,302.078,283.219,246.719,255.297,1087.313,27.782,26.048,22.691,23.48,22.691
63,0.5954,-0.19152,-0.127901,0.0767703,38.7148,342.169,259.281,198.094,172.344,219.812,849.531,30.52,23.318,20.287,25.875,20.287
64,-0.34428,-0.78568,0.0765549,0.229369,59.0705,246.337,152.828,172.234,112.422,91.3438,528.828,28.899,32.569,21.259,17.273,17.273
65,-0.72685,-0.26886,0.153864,0.101681,50.8034,200.299,157.5,208.0,174.812,123.219,663.531,23.737,31.347,26.346,18.57,18.57
66,0.35827,-0.330831,-0.0768584,0.102618,29.1865,317.28,288.703,244.344,201.938,231.891,966.876,29.859,25.271,20.886,23.984,20.886
67,0.68626,-0.284771,-0.154049,0.103012,47.9875,337.464,228.812,166.281,136.734,184.562,716.389,31.94,23.211,19.087,25.763,19.087
68,0.22823,-0.447569,-0.0510632,0.127895,30.159,297.018,285.656,254.297,199.984,217.516,957.453,29.835,26.56,20.887,22.718,20.887
69,0.46818,-0.42399,-0.102147,0.128569,39.1707,317.836,263.688,212.172,166.406,201.031,843.297,31.269,25.16,19.733,23.839,19.733
70,-0.3664,-0.62418,0.0778782,0.179207,46.367,239.587,202.359,230.953,165.125,136.484,734.921,27.535,31.426,22.468,18.571,18.571
71,0.66653,-0.47409,-0.152333,0.153828,54.879,324.577,201.5,148.047,108.75,147.594,605.891,33.257,24.435,17.949,24.36,17.949
72,0.225171,-0.54833,-0.0509069,0.15474,36.3533,292.325,269.781,239.531,179.078,193.734,882.124,30.583,27.154,20.301,21.962,20.301
73,-0.0118294,-0.55744,0.000255515,0.15336,33.8876,268.784,266.812,262.156,196.594,191.703,917.265,29.088,28.58,21.433,20.899,20.899
74,-0.24928,0.63222,0.0507217,-0.101893,42.8116,111.519,170.266,188.984,231.312,209.453,800.015,21.283,23.623,28.913,26.181,21.283
75,-0.27917,-0.217891,0.0518451,0.0763676,20.7405,217.972,272.281,298.328,259.281,230.359,1060.249,25.681,28.138,24.455,21.727,21.727
76,-0.39989,-0.21014,0.0771613,0.0764731,26.8555,207.722,249.844,287.812,250.188,211.078,998.922,25.011,28.812,25.046,21.131,21.131
77,-0.511509,-0.19826,0.102384,0.0766864,33.2702,201.186,225.297,272.25,237.172,189.5,924.219,24.377,29.457,25.662,20.504,20.504
78,-0.625489,-0.18208,0.128406,0.0764453,40.6512,196.23,195.906,248.203,217.344,163.688,825.141,23.742,30.08,26.34,19.838,19.838
79,0.69431,-0.17846,-0.153761,0.0772705,45.7973,345.585,237.391,172.578,149.469,201.688,761.126,31.189,22.674,19.638,26.499,19.638
80,-0.84419,-0.23752,0.179722,0.102376,61.2787,195.714,113.828,156.969,132.828,87.6719,491.297,23.169,31.95,27.036,17.845,17.845
81,0.4777,-0.31775,-0.102157,0.102466,35.0105,326.37,277.922,223.562,184.844,223.422,909.75,30.549,24.574,20.318,24.559,20.318
82,0.10852,-0.45527,-0.0254236,0.127938,27.9062,283.407,288.766,270.312,212.75,219.5,991.328,29.129,27.268,21.461,22.142,21.461
83,0.5783,-0.40201,-0.127477,0.127719,44.7733,325.195,246.281,189.062,147.766,188.969,772.078,31.898,24.487,19.139,24.475,19.139
84,-0.47975,-0.603241,0.102761,0.179111,50.4215,231.505,182.094,217.266,156.234,121.797,677.391,26.882,32.074,23.064,17.98,17.98
85,-0.59729,-0.581929,0.128495,0.180161,56.502,224.254,152.984,190.0,137.969,100.297,581.25,26.32,32.688,23.737,17.255,17.255
86,0.7606,-0.4474,-0.179504,0.153175,61.9366,329.535,164.688,115.219,83.9375,121.609,485.453,33.925,23.734,17.291,25.051,17.291
87,0.10877,-0.55401,-0.0257614,0.153369,34.3736,281.108,272.266,253.797,190.562,195.594,912.219,29.847,27.822,20.89,21.442,20.89
88,-0.13341,-0.551551,0.0256987,0.152739,34.573,256.402,255.938,264.812,198.547,184.203,903.5,28.327,29.31,21.975,20.388,20.388
89,-0.13407,0.63555,0.0249611,-0.102808,40.5067,101.912,180.188,188.797,232.734,220.812,822.531,21.907,22.953,28.295,26.845,21.907
90,0.59994,-0.08037,-0.128594,0.0512507,37.2504,352.37,259.453,197.578,181.266,231.203,869.5,29.839,22.723,20.847,26.59,20.847
91,0.69787,-0.0732298,-0.153032,0.0514398,44.5637,354.01,236.891,171.594,157.453,211.062,777.0,30.488,22.084,20.264,27.164,20.264
92,0.78846,-0.061281,-0.179186,0.0512028,52.2639,355.556,204.75,140.734,129.031,182.797,657.312,31.15,21.411,19.63,27.81,19.63
93,-0.83936,-0.139959,0.178601,0.0769499,58.315,189.467,121.375,168.484,148.734,99.7031,538.296,22.548,31.3,27.631,18.522,18.522
94,-0.72862,-0.1665,0.153011,0.0765724,48.3658,192.872,161.766,214.547,188.484,134.297,699.094,23.139,30.689,26.961,19.21,19.21
95,0.78369,-0.16254,-0.178779,0.0760709,53.1653,348.283,202.125,139.359,121.25,171.953,634.687,31.846,21.957,19.104,27.093,19.104
96,0.58652,-0.30226,-0.12791,0.103076,41.2864,332.736,254.328,194.719,160.297,204.828,814.172,31.238,23.916,19.688,25.158,19.688
97,0.67248,-0.38459,-0.15342,0.128463,50.7766,330.235,218.719,159.969,124.125,168.344,671.157,32.588,23.835,18.494,25.083,18.494
98,0.76594,-0.359181,-0.177874,0.128309,57.7766,334.876,183.953,128.703,99.1094,142.438,554.203,33.192,23.223,17.883,25.701,17.883
99,-0.72035,-0.45888,0.153349,0.152404,58.6597,212.498,132.641,172.359,132.891,91.4375,529.328,25.058,32.562,25.106,17.274,17.274
100,-0.60436,-0.490821,0.12857,0.154275,51.1289,219.081,168.375,210.516,159.938,117.672,656.501,25.647,32.066,24.362,17.924,17.924
101,-0.49024,-0.51383,0.102451,0.153634,45.2496,226.346,196.297,235.469,177.141,139.625,748.532,26.224,31.457,23.665,18.653,18.653
102,-0.37425,-0.53218,0.0771965,0.153571,40.5868,234.884,219.906,251.625,188.688,157.297,817.516,26.899,30.779,23.081,19.241,19.241
103,-0.255519,-0.54591,0.0517322,0.15361,37.0671,244.917,239.422,260.578,195.266,171.578,866.844,27.62,30.061,22.526,19.793,19.793
104,-0.27546,0.28496,0.0509225,-0.0260487,23.3492,134.029,237.562,261.062,276.969,248.328,1023.921,23.201,25.496,27.05,24.253,23.201
105,-0.14941,0.285251,0.0249898,-0.025575,18.7846,117.645,254.734,265.578,281.734,265.891,1067.937,23.853,24.868,26.381,24.898,23.853
106,-0.0192999,0.28441,-0.000130293,-0.0249439,16.5627,93.8821,264.391,261.797,277.781,275.328,1079.297,24.497,24.256,25.737,25.51,24.256
107,0.11211,0.28371,-0.0259801,-0.0254558,17.7616,68.4382,269.719,253.094,269.438,280.688,1072.939,25.138,23.589,25.112,26.161,23.589
108,0.237391,0.28188,-0.0515171,-0.0256088,21.6247,49.897,268.922,239.391,255.406,279.625,1043.344,25.775,22.945,24.48,26.801,22.945
109,0.361139,0.27702,-0.0767096,-0.0251072,27.0746,37.4908,262.0,220.938,236.438,271.375,990.751,26.445,22.3,23.865,27.391,22.3
110,0.47762,0.27303,-0.102101,-0.0254061,33.3774,29.7543,248.375,198.766,213.188,257.266,917.595,27.068,21.662,23.233,28.037,21.662
111,-0.83848,0.0648003,0.178684,0.0255103,57.2438,175.581,118.641,167.469,161.375,110.5,557.985,21.262,30.013,28.921,19.803,19.803
112,-0.15098,-0.1011,0.0253838,0.0508237,10.469,213.807,287.078,298.953,272.891,256.453,1115.375,25.738,26.803,24.466,22.993,22.993
113,-0.0169601,-0.10314,-4.1389e-05,0.0513086,5.9998,260.662,299.422,295.906,270.344,266.875,1132.547,26.438,26.127,23.87,23.564,23.564
114,0.11081,-0.10448,-0.025229,0.0509298,8.7602,316.684,305.109,286.531,262.234,272.062,1125.936,27.098,25.448,23.29,24.163,23.29
115,0.24307,-0.10045,-0.0509278,0.0511276,15.2486,337.547,304.266,271.062,248.406,270.953,1094.687,27.795,24.762,22.692,24.752,22.692
116,0.3727,-0.0962002,-0.0765426,0.0511189,22.6385,345.527,295.016,249.562,228.875,262.734,1036.187,28.471,24.085,22.088,25.356,22.088
117,0.487981,-0.0883206,-0.101881,0.0509001,29.7297,349.741,281.469,226.141,207.672,250.766,966.048,29.136,23.409,21.497,25.958,21.497
118,-0.0146901,0.63483,-0.000633832,-0.101823,39.42,91.3256,188.984,187.422,231.391,230.359,838.156,22.548,22.361,27.607,27.484,22.361
119,-0.3981,0.28038,0.0769731,-0.0263517,29.1387,144.843,216.484,251.141,266.109,226.828,960.562,22.537,26.145,27.703,23.614,22.537
120,-0.51154,0.276611,0.10264,-0.0256556,35.5588,151.598,193.156,236.172,249.688,202.25,881.266,21.918,26.799,28.333,22.95,21.918
121,-0.62106,0.27148,0.128517,-0.0255838,42.6722,156.389,167.031,215.031,227.453,174.672,784.187,21.3,27.421,29.005,22.274,21.3
122,-0.72503,0.27331,0.153704,-0.0254518,50.7899,159.345,136.672,185.203,195.844,142.844,660.563,20.69,28.037,29.648,21.625,20.69
123,0.58638,0.26733,-0.12803,-0.0259767,40.1239,24.5082,228.984,173.219,186.844,236.812,825.859,27.727,20.974,22.624,28.675,20.974
124,0.68557,0.26166,-0.154319,-0.0256377,47.2065,20.8902,207.281,148.125,160.344,213.766,729.516,28.413,20.305,21.98,29.302,20.305
125,-0.28211,0.15692,0.0515177,8.69742e-05,18.8333,150.916,256.953,282.047,284.672,254.234,1077.906,23.838,26.166,26.41,23.586,23.586
126,0.78299,0.14726,-0.180013,0.000120057,52.8178,10.6514,193.812,131.594,135.203,190.125,650.734,29.784,20.222,20.777,29.217,20.222
127,0.60172,0.0320803,-0.128342,0.0254637,37.0545,3.0518,257.984,196.016,189.891,241.562,885.453,29.136,22.137,21.446,27.281,21.446
128,0.69747,0.0365394,-0.152185,0.0256811,44.3009,2.9989,232.375,167.953,162.953,217.328,780.609,29.768,21.516,20.875,27.841,20.875
129,-0.281179,-0.0957596,0.0513152,0.0509663,17.2798,198.807,269.359,295.297,269.547,240.344,1074.547,25.067,27.481,25.085,22.367,22.367
130,-0.401989,-0.0915998,0.0760575,0.0509452,24.349,192.837,249.047,286.5,261.844,221.781,1019.172,24.436,28.111,25.692,21.761,21.761
131,-0.51627,-0.0815401,0.102396,0.0509058,31.5115,188.975,222.375,269.375,246.469,197.641,935.86,23.762,28.784,26.336,21.119,21.119
132,0.21354,0.62863,-0.0513498,-0.102432,41.5987,71.2378,193.984,172.266,214.828,235.016,816.094,23.77,21.109,26.324,28.798,21.109
133,0.0996697,0.63153,-0.0254088,-0.102025,39.7431,81.0314,194.719,183.266,226.969,236.906,841.86,23.13,21.769,26.96,28.141,21.769
134,0.23009,0.40348,-0.0510399,-0.0508835,27.6763,60.3055,250.656,223.531,250.578,274.453,999.218,25.085,22.371,25.077,27.467,22.371
135,0.35149,0.39854,-0.0766277,-0.0513532,32.0997,48.5895,245.094,206.484,233.062,267.406,952.046,25.744,21.688,24.48,28.088,21.688
136,0.670859,0.37138,-0.153281,-0.0508247,50.067,28.9684,193.328,137.578,157.609,208.734,697.249,27.727,19.732,22.604,29.937,19.732
137,0.75676,0.367719,-0.179113,-0.0507527,57.2851,25.9157,163.828,109.562,126.859,175.766,576.015,28.442,19.021,22.024,30.514,19.021
138,0.77371,0.257201,-0.179869,-0.0264049,54.621,18.3881,181.234,122.094,133.422,186.359,623.109,29.085,19.594,21.412,29.908,19.594
139,-0.40305,0.15477,0.0765437,0.000551335,25.5783,158.993,236.734,273.672,275.5,234.344,1020.25,23.204,26.824,27.003,22.969,22.969
140,-0.15131,0.15423,0.0254705,0.000194008,12.4777,134.452,276.0,287.875,290.25,273.406,1127.531,24.478,25.531,25.742,24.248,24.248
141,0.6908,0.14828,-0.152797,-0.000139796,44.9537,12.1147,227.391,163.75,167.672,223.578,782.391,29.064,20.929,21.431,28.576,20.929
142,-0.73221,0.0525894,0.152895,0.0252243,47.2309,175.892,161.375,216.172,208.391,150.578,736.516,21.911,29.351,28.294,20.445,20.445
143,0.4917,0.0308404,-0.102525,0.0256272,29.516,3.589,281.297,225.531,217.969,263.531,988.328,28.462,22.819,22.054,26.664,22.054
144,0.78838,0.0412496,-0.179138,0.024864,52.1349,2.9951,203.656,139.297,135.391,190.922,669.266,30.43,20.813,20.23,28.527,20.23
145,-0.73335,-0.0610604,0.153296,0.052148,47.3823,184.76,165.797,220.703,202.953,145.234,734.687,22.567,30.04,27.624,19.768,19.768
146,-0.62838,-0.0726804,0.128651,0.0515114,39.2399,186.598,197.969,252.078,230.984,174.969,856.0,23.127,29.448,26.984,20.44,20.44
147,0.3279,0.62163,-0.0769537,-0.102373,44.6529,62.1891,191.812,160.766,201.797,231.203,785.578,24.417,20.465,25.688,29.431,20.465
148,0.10742,0.40891,-0.0256534,-0.0509149,25.0105,75.2811,253.578,238.359,266.672,278.047,1036.656,24.461,22.993,25.724,26.822,22.993
149,0.46742,0.39164,-0.102272,-0.0517263,37.5755,39.9588,233.906,186.453,211.5,254.719,886.578,26.383,21.031,23.856,28.731,21.031
150,0.57615,0.37969,-0.128071,-0.0508349,43.6309,33.3854,217.062,163.516,186.094,235.25,801.922,27.068,20.391,23.206,29.336,20.391
151,-0.84067,0.171781,0.179176,-0.000551668,59.0973,168.451,110.859,158.062,159.219,110.0,538.14,20.6,29.372,29.587,20.441,20.441
152,-0.513259,0.1573,0.101858,-0.00029754,32.4676,162.961,213.297,259.188,261.578,211.188,945.251,22.565,27.42,27.673,22.342,22.342
153,0.65736,0.48643,-0.154082,-0.0776187,54.8615,36.5005,168.594,118.281,144.812,190.344,622.031,27.104,19.015,23.281,30.6,19.015
154,-0.0175299,0.157119,0.000204335,-0.000367802,9.0963,96.3662,288.047,285.25,288.375,285.344,1147.016,25.113,24.869,25.141,24.877,24.869
155,0.597359,0.15038,-0.128403,-0.000406842,38.0244,14.1301,251.281,190.203,194.75,247.094,883.328,28.447,21.533,22.047,27.973,21.533
156,-0.627861,0.0442501,0.127939,0.0253333,39.0072,175.969,193.609,246.859,237.688,181.016,859.172,22.534,28.732,27.665,21.069,21.069
157,-0.0153403,0.0264605,-0.000373224,0.0256725,1.7527,120.103,302.438,298.719,287.172,283.891,1172.22,25.8,25.483,24.498,24.218,24.218
158,0.371841,0.0275503,-0.0767572,0.0258675,21.8921,4.2374,298.016,251.938,243.0,279.219,1072.173,27.796,23.498,22.664,26.042,22.664
159,-0.84026,-0.0385308,0.178902,0.0511889,57.261,182.626,125.203,175.609,161.75,109.766,572.328,21.876,30.683,28.262,19.179,19.179
160,0.54485,0.602549,-0.128276,-0.102019,54.3271,47.8788,163.516,120.766,155.203,193.672,633.157,25.826,19.074,24.513,30.588,19.074
161,0.44203,0.61565,-0.102589,-0.102807,49.2796,54.3221,179.344,141.234,179.422,214.625,714.625,25.096,19.763,25.107,30.033,19.763
162,-0.0176399,0.408651,3.00057e-05,-0.0506496,24.144,92.4717,248.359,246.0,274.75,272.359,1041.468,23.847,23.621,26.381,26.151,23.621
163,-0.14533,0.40835,0.025771,-0.0511145,25.6861,109.59,237.312,248.25,276.656,261.219,1023.437,23.188,24.257,27.032,25.524,23.188
164,-0.73051,0.16328,0.153322,-0.00093582,48.4637,167.401,152.844,205.797,208.219,151.094,717.954,21.289,28.664,29.002,21.045,21.045
165,-0.62684,0.15809,0.128218,9.28178e-05,40.2758,165.845,184.594,236.297,238.516,182.297,841.704,21.931,28.074,28.337,21.658,21.658
166,0.74056,0.48424,-0.178646,-0.0773118,62.2301,33.18,135.969,89.3906,111.219,151.906,488.485,27.835,18.3,22.768,31.097,18.3
167,0.56048,0.493001,-0.128396,-0.0763692,48.2838,41.335,192.766,143.984,173.797,218.641,729.188,26.436,19.746,23.834,29.984,19.746
168,0.11548,0.15057,-0.0258811,6.84322e-05,10.9385,52.5135,294.625,276.234,279.812,290.969,1141.64,25.807,24.196,24.51,25.487,24.196
169,0.48646,0.15179,-0.101398,-6.39734e-05,30.6366,17.3295,271.125,217.328,221.625,266.891,976.969,27.752,22.245,22.685,27.318,22.245
170,-0.516429,0.0376696,0.102237,0.025596,31.1849,175.828,222.453,269.953,259.25,208.578,960.234,23.167,28.113,26.999,21.722,21.722
171,-0.149669,0.0265799,0.0250492,0.0254316,8.7435,169.93,287.656,298.891,287.438,270.016,1144.001,25.145,26.127,25.126,23.603,23.603
172,0.113261,0.0250601,-0.0256779,0.0256236,6.6613,12.4763,304.625,285.766,275.094,285.797,1151.282,26.46,24.822,23.895,24.824,23.895
173,0.24639,0.0255002,-0.0518329,0.025847,14.3418,5.9088,305.203,271.531,261.531,286.141,1124.406,27.143,24.149,23.259,25.448,23.259
174,-0.599331,0.50949,0.127619,-0.077892,51.8711,139.632,133.375,174.328,201.953,157.734,667.39,19.985,26.121,30.26,23.634,19.985
175,-0.27032,0.40469,0.0508657,-0.0513721,29.1219,123.742,222.906,245.375,273.375,245.625,987.281,22.578,24.854,27.69,24.879,22.578
176,-0.38708,0.40003,0.0761312,-0.0511354,33.8242,134.057,204.031,236.672,263.141,225.062,928.906,21.965,25.479,28.328,24.229,21.965
177,-0.72067,0.38871,0.152814,-0.0505638,54.9665,151.659,122.766,167.984,185.047,136.672,612.469,20.044,27.427,30.213,22.315,20.044
178,0.45412,0.50432,-0.10147,-0.0771422,42.7381,47.9982,208.719,165.875,198.844,238.375,811.813,25.71,20.433,24.494,29.363,20.433
179,0.24318,0.15438,-0.0515493,-9.89973e-05,16.7409,32.4089,292.297,260.062,263.875,288.594,1104.828,26.456,23.539,23.884,26.121,23.539
180,0.368611,0.15208,-0.0762181,0.000461207,23.5001,22.4199,284.703,240.656,244.438,280.438,1050.235,27.109,22.914,23.275,26.702,22.914
181,-0.40535,0.0333799,0.0770444,0.0255905,23.9991,175.292,245.172,283.031,271.672,230.172,1030.047,23.802,27.477,26.375,22.346,22.346
182,-0.28348,0.0303099,0.051352,0.0251261,16.5646,173.897,267.484,293.188,281.828,251.359,1093.859,24.453,26.803,25.765,22.979,22.979
183,-0.38051,0.51339,0.0776118,-0.0767202,39.7194,126.545,178.922,209.375,243.828,209.0,841.125,21.272,24.892,28.988,24.848,21.272
184,-0.489199,0.50857,0.102637,-0.076631,44.8831,133.888,157.953,195.438,226.562,185.484,765.437,20.636,25.533,29.599,24.232,20.636
185,-0.50064,0.39388,0.101769,-0.0507171,39.5692,141.806,179.391,219.812,243.516,198.344,841.063,21.329,26.135,28.953,23.583,21.329
186,-0.612249,0.39222,0.128556,-0.0512826,46.6445,147.355,152.453,197.453,218.781,168.953,737.64,20.668,26.768,29.66,22.905,20.668
187,0.3434,0.509259,-0.0770698,-0.0766019,37.8954,56.0077,217.719,183.094,217.516,249.797,868.126,25.079,21.091,25.056,28.774,21.091
188,0.22356,0.51751,-0.0508364,-0.0768625,34.3144,66.6361,222.75,198.453,234.625,256.719,912.547,24.41,21.747,25.711,28.132,21.747
189,0.10558,0.52217,-0.0258011,-0.0770694,32.1906,78.5692,222.781,209.266,246.781,257.422,936.25,23.795,22.352,26.358,27.495,22.352
190,-0.0151001,0.52309,-0.000199091,-0.0772472,31.5544,91.6535,218.188,216.328,254.469,252.797,941.782,23.168,22.97,27.02,26.842,22.97
191,-0.13878,0.52304,0.0253689,-0.0771207,32.7612,104.86,208.531,218.062,255.906,241.984,924.483,22.556,23.587,27.681,26.175,22.556
192,-0.259919,0.52019,0.0507517,-0.0770661,35.5569,116.55,195.359,215.656,252.281,227.375,890.671,21.934,24.213,28.325,25.529,21.934
